season,event_id,game_id,goalie_id,book_key,dfs_line,sportsbook_consensus_line,line_deviation,prospective_side,actual_saves,grade,profit_even_money_approximation
2024-25,002ecdd84ae44274f7d1b33704c2a2f1,,8478048.0,prizepicks,24.0,24.5,-0.5,OVER,33.0,WIN,1.0
2024-25,0047210f3e3ed28cc0eb8c8a79aa6ae2,,8482982.0,prizepicks,26.5,27.5,-1.0,OVER,35.0,WIN,1.0
2024-25,00ffa81971bb6373dabbf3af9e746495,,8476945.0,prizepicks,22.0,22.5,-0.5,OVER,27.0,WIN,1.0
2024-25,01c2c63c4c026b4dd8adc48c2b28343a,,8481611.0,prizepicks,23.0,23.5,-0.5,OVER,21.0,LOSS,-1.0
2024-25,03788eabd9788768a698bbad186f3e3a,,8478048.0,prizepicks,27.0,27.5,-0.5,OVER,23.0,LOSS,-1.0
2024-25,03e4a9d744fcc53f5f13966c1410b1a6,,8476945.0,prizepicks,27.0,26.5,0.5,UNDER,35.0,LOSS,-1.0
2024-25,043251f52830571b9d2dc5d7000b01b0,,8476883.0,prizepicks,25.5,24.5,1.0,UNDER,17.0,WIN,1.0
2024-25,049fe7c9c5a2e6af5279dc8c4c172ab6,,8480280.0,prizepicks,25.0,26.0,-1.0,OVER,27.0,WIN,1.0
2024-25,049fe7c9c5a2e6af5279dc8c4c172ab6,,8476883.0,prizepicks,25.0,25.5,-0.5,OVER,27.0,WIN,1.0
2024-25,04f5bf9fb8f2c0e9b08d0102d60f90fb,,8475831.0,prizepicks,26.5,27.5,-1.0,OVER,26.0,LOSS,-1.0
2024-25,058a92d3cdf44365cec7831cc9a20218,,8481611.0,prizepicks,21.0,20.5,0.5,UNDER,32.0,LOSS,-1.0
2024-25,073e16827527853467d45b675cded498,,8480280.0,prizepicks,24.0,23.5,0.5,UNDER,28.0,LOSS,-1.0
2024-25,073e16827527853467d45b675cded498,,8478470.0,prizepicks,23.0,22.5,0.5,UNDER,18.0,WIN,1.0
2024-25,074cb7a5901135d45b987db93d17b5e8,,8480313.0,prizepicks,24.0,24.5,-0.5,OVER,29.0,WIN,1.0
2024-25,075bdacb45138f1d319f94acabc1518a,,8479406.0,prizepicks,26.5,25.5,1.0,UNDER,21.0,WIN,1.0
2024-25,07c01a17afbbee37aff39b4c444ac8bc,,8482821.0,prizepicks,27.0,26.5,0.5,UNDER,36.0,LOSS,-1.0
2024-25,089e1fd51db8c0a62b6555eac0a8ad76,,8478009.0,prizepicks,26.0,26.5,-0.5,OVER,29.0,WIN,1.0
2024-25,089e1fd51db8c0a62b6555eac0a8ad76,,8479312.0,prizepicks,27.0,26.5,0.5,UNDER,22.0,WIN,1.0
2024-25,09ad93ffbe2389f9704f089b6a0bd6bc,,8475683.0,prizepicks,27.0,26.5,0.5,UNDER,24.0,WIN,1.0
2024-25,09ad93ffbe2389f9704f089b6a0bd6bc,,8478048.0,prizepicks,28.0,27.5,0.5,UNDER,26.0,WIN,1.0
2024-25,0ab1e4913d761cc5b7cd6fd28307ac12,,8481035.0,prizepicks,22.0,21.5,0.5,UNDER,26.0,LOSS,-1.0
2024-25,0b1e44545c0efc88e8876bbcae958029,,8482821.0,prizepicks,27.0,27.5,-0.5,OVER,20.0,LOSS,-1.0
2024-25,0c2c7788ddb4f1f96398193630e215a3,,8478048.0,prizepicks,27.0,26.5,0.5,UNDER,22.0,WIN,1.0
2024-25,0ce0559169c533280c8f81442be32244,,8476999.0,prizepicks,23.0,22.5,0.5,UNDER,34.0,LOSS,-1.0
2024-25,0d1eb136acea923fb456fd274bb6e1f5,,8478007.0,prizepicks,29.0,29.5,-0.5,OVER,31.0,WIN,1.0
2024-25,0d96a09b942c216e6cbe774f299b7341,,8481035.0,prizepicks,22.0,21.5,0.5,UNDER,27.0,LOSS,-1.0
2024-25,0f8286f56cc0e276d5c5b855c3cedd1b,,8479406.0,prizepicks,24.0,23.5,0.5,UNDER,12.0,WIN,1.0
2024-25,0f8286f56cc0e276d5c5b855c3cedd1b,,8480947.0,prizepicks,23.0,22.5,0.5,UNDER,30.0,LOSS,-1.0
2024-25,10b2f5812079e633ec11452c5f804aa9,,8482821.0,prizepicks,27.0,26.5,0.5,UNDER,21.0,WIN,1.0
2024-25,117fb05bbfa86972b05549212b117816,,8481519.0,prizepicks,25.0,24.5,0.5,UNDER,38.0,LOSS,-1.0
2024-25,11a60513e92e07163c2f64e36163f955,,8474682.0,prizepicks,24.0,24.5,-0.5,OVER,16.0,LOSS,-1.0
2024-25,12d01b38fea23f35bf7aa3dc8a162b04,,8481692.0,prizepicks,21.5,20.5,1.0,UNDER,23.0,LOSS,-1.0
2024-25,1344a1b84cf359045577de22f7178b28,,8475660.0,prizepicks,29.0,28.5,0.5,UNDER,24.0,WIN,1.0
2024-25,143b34bca051f9ec2579b3d895f89ff1,,8476412.0,prizepicks,28.0,27.5,0.5,UNDER,19.0,WIN,1.0
2024-25,1462cce1cac3e086586329d8bd2fea2b,,8470594.0,prizepicks,26.0,26.5,-0.5,OVER,32.0,WIN,1.0
2024-25,1462cce1cac3e086586329d8bd2fea2b,,8477424.0,prizepicks,24.0,24.5,-0.5,OVER,27.0,WIN,1.0
2024-25,157ebfc7686264a1ffbff6b9448028ab,,8479361.0,prizepicks,27.0,26.5,0.5,UNDER,36.0,LOSS,-1.0
2024-25,157ebfc7686264a1ffbff6b9448028ab,,8479979.0,prizepicks,26.0,26.5,-0.5,OVER,8.0,LOSS,-1.0
2024-25,1753189ab85b5608b78bf9637faf30da,,8475683.0,prizepicks,24.0,23.5,0.5,UNDER,28.0,LOSS,-1.0
2024-25,176d96f9d29e5a8390791ec580b778cf,,8478971.0,prizepicks,24.0,23.5,0.5,UNDER,26.0,LOSS,-1.0
2024-25,1792666ce862b87c8b7bdb4030203a16,,8477480.0,prizepicks,24.0,24.5,-0.5,OVER,21.0,LOSS,-1.0
2024-25,1792666ce862b87c8b7bdb4030203a16,,8480981.0,prizepicks,24.0,23.5,0.5,UNDER,25.0,LOSS,-1.0
2024-25,19f059d1681cd54b6d31e67b1ee75dce,,8480843.0,prizepicks,26.0,25.5,0.5,UNDER,18.0,WIN,1.0
2024-25,1aa1bb07d78cfdefa89fc3858e0b7fd2,,8482487.0,prizepicks,26.0,25.5,0.5,UNDER,31.0,LOSS,-1.0
2024-25,1aa1bb07d78cfdefa89fc3858e0b7fd2,,8475311.0,prizepicks,22.0,21.5,0.5,UNDER,18.0,WIN,1.0
2024-25,1aa2c2d9d7b199213d9b764ace6fd6df,,8479973.0,prizepicks,27.0,27.5,-0.5,OVER,32.0,WIN,1.0
2024-25,1aa2c2d9d7b199213d9b764ace6fd6df,,8475683.0,prizepicks,25.0,24.5,0.5,UNDER,24.0,WIN,1.0
2024-25,1b8e3e3a67da5245cdd7985f94ed772f,,8482487.0,prizepicks,26.0,25.5,0.5,UNDER,32.0,LOSS,-1.0
2024-25,1bfa63aee6277c5ed145e361516feb96,,8478872.0,prizepicks,26.5,25.5,1.0,UNDER,23.0,WIN,1.0
2024-25,1c1712b145539fd842abfe645afc5610,,8475683.0,prizepicks,20.5,21.5,-1.0,OVER,19.0,LOSS,-1.0
2024-25,1c385a739a48ae8122de22ae8a65a4a5,,8481519.0,prizepicks,26.0,26.5,-0.5,OVER,22.0,LOSS,-1.0
2024-25,1c63ffaecf43e27034d77fd82df8818d,,8470594.0,prizepicks,25.5,26.5,-1.0,OVER,30.0,WIN,1.0
2024-25,1d4618ec8fcf63aa1f50440d217339da,,8475852.0,prizepicks,28.0,28.5,-0.5,OVER,32.0,WIN,1.0
2024-25,1ebffa9dc544a0cae2763a63f92827da,,8480981.0,prizepicks,25.0,24.5,0.5,UNDER,21.0,WIN,1.0
2024-25,2009494b0d839473d75cb04b12c1f9cd,,8476932.0,prizepicks,23.0,22.5,0.5,UNDER,15.0,WIN,1.0
2024-25,2055babdac6fffb09cc8902b6fec8f5e,,8471734.0,prizepicks,24.0,23.5,0.5,UNDER,21.0,WIN,1.0
2024-25,218f071bd101bcc484c9af4e50865e58,,8477424.0,prizepicks,25.0,24.5,0.5,UNDER,39.0,LOSS,-1.0
2024-25,220511af494238de75a92437716fd328,,8479496.0,prizepicks,24.0,24.5,-0.5,OVER,19.0,LOSS,-1.0
2024-25,23a14980a9fc12b4d178535874daae98,,8478048.0,prizepicks,25.0,24.5,0.5,UNDER,23.0,WIN,1.0
2024-25,2492c3a761f8275a0719fec80da109c2,,8479361.0,prizepicks,23.5,24.5,-1.0,OVER,24.0,WIN,1.0
2024-25,25b6a33ece97a21cc219a2053a6f8b66,,8478048.0,prizepicks,28.0,27.5,0.5,UNDER,29.0,LOSS,-1.0
2024-25,27746bc4e76936d45f41638c2c820188,,8479406.0,prizepicks,28.5,27.5,1.0,UNDER,24.0,WIN,1.0
2024-25,2873be82511820fb5e0a303c5a6f7222,,8476883.0,prizepicks,27.5,26.5,1.0,UNDER,33.0,LOSS,-1.0
2024-25,296c91c729430f9070a435ad6e2fd67e,,8480843.0,prizepicks,29.5,28.5,1.0,UNDER,45.0,LOSS,-1.0
2024-25,2a2a55019c073fe1002ef323c7589bca,,8475883.0,prizepicks,26.5,25.5,1.0,UNDER,33.0,LOSS,-1.0
2024-25,2a568a3bac8936d57be82ece8742e82a,,8481692.0,prizepicks,28.0,27.5,0.5,UNDER,29.0,LOSS,-1.0
2024-25,2bc4288844f33b19c346df0e52ce7882,,8477424.0,prizepicks,28.0,28.5,-0.5,OVER,27.0,LOSS,-1.0
2024-25,2bcc06c65bcf62ac1f7dc836ddc4d8c1,,8476412.0,prizepicks,26.0,25.5,0.5,UNDER,19.0,WIN,1.0
2024-25,2c22117959ee4275d3b12535a2400b2c,,8480045.0,prizepicks,27.0,26.5,0.5,UNDER,5.0,WIN,1.0
2024-25,2c4deeb94abb565ba4184300ed48e7ab,,8479979.0,prizepicks,25.0,24.5,0.5,UNDER,34.0,LOSS,-1.0
2024-25,2c6bcf765868f62aefd6f33d8c31dafa,,8480045.0,prizepicks,25.5,24.5,1.0,UNDER,35.0,LOSS,-1.0
2024-25,30328d4bbc5657727885a2bb70eb0f3e,,8478499.0,prizepicks,24.0,23.5,0.5,UNDER,14.0,WIN,1.0
2024-25,3092127f989e15b0fef7f3c3d53a0f84,,8478470.0,prizepicks,29.5,28.5,1.0,UNDER,6.0,WIN,1.0
2024-25,31ec2ea2c65b193542d6ec75c6a50b17,,8481020.0,prizepicks,28.5,29.5,-1.0,OVER,21.0,LOSS,-1.0
2024-25,3298a8d4d42ce3829458ee02e41b413c,,8476883.0,prizepicks,26.0,25.5,0.5,UNDER,14.0,WIN,1.0
2024-25,329ef6497dcb14db5ca7c66edd87cd08,,8476883.0,prizepicks,24.0,23.5,0.5,UNDER,14.0,WIN,1.0
2024-25,32a958c4c454f56828c112213f270e5f,,8476945.0,prizepicks,27.0,27.5,-0.5,OVER,43.0,WIN,1.0
2024-25,32bd678c0340ea6f63ffbeede3a58cd7,,8474593.0,prizepicks,24.5,23.5,1.0,UNDER,29.0,LOSS,-1.0
2024-25,34a1c512e7ed395074072e7e67c7aa41,,8476412.0,prizepicks,28.0,27.5,0.5,UNDER,21.0,WIN,1.0
2024-25,34d70f03167a6858281c96f632b6cf17,,8475852.0,prizepicks,28.0,27.5,0.5,UNDER,44.0,LOSS,-1.0
2024-25,3533cffb627ab861935752ab1b778047,,8479406.0,prizepicks,24.0,23.5,0.5,UNDER,23.0,WIN,1.0
2024-25,35db4a75a74765cbfedb5c3bf50654a7,,8478009.0,prizepicks,26.0,25.5,0.5,UNDER,33.0,LOSS,-1.0
2024-25,36517bac1dc1ef4b6e55afe8ac5f3a4f,,8476412.0,prizepicks,23.0,22.5,0.5,UNDER,15.0,WIN,1.0
2024-25,36751dfc3b620bc0c0bed669ad4b4c60,,8479361.0,prizepicks,25.0,24.5,0.5,UNDER,20.0,WIN,1.0
2024-25,36b317884339cf6bb2834d47190b41a1,,8480193.0,prizepicks,26.0,25.5,0.5,UNDER,17.0,WIN,1.0
2024-25,372d59e82c2ce9fb9e5176981becd804,,8477992.0,prizepicks,25.0,24.5,0.5,UNDER,18.0,WIN,1.0
2024-25,372d59e82c2ce9fb9e5176981becd804,,8478048.0,prizepicks,24.0,24.5,-0.5,OVER,27.0,WIN,1.0
2024-25,38a7969e0e192d911ac5fa2b3f007cf1,,8482447.0,prizepicks,23.0,23.5,-0.5,OVER,34.0,WIN,1.0
2024-25,390e31dd6b790b99bbe8868ad9fe29ad,,8481519.0,prizepicks,25.0,25.5,-0.5,OVER,22.0,LOSS,-1.0
2024-25,3bb3ec829e520ef8ddd28387c57f8a3b,,8479979.0,prizepicks,23.5,22.5,1.0,UNDER,32.0,LOSS,-1.0
2024-25,3c989342bc154e0474b6a990f55b48dc,,8478009.0,prizepicks,24.0,24.5,-0.5,OVER,25.0,WIN,1.0
2024-25,3d2b1ec3579a36d212ba7231574cb121,,8475717.0,prizepicks,24.5,23.5,1.0,UNDER,24.0,WIN,1.0
2024-25,3d4265622c5d973b25d502db02b2a04d,,8476999.0,prizepicks,24.0,24.5,-0.5,OVER,31.0,WIN,1.0
2024-25,3d764ccbe8b5a774a108daed2135bb19,,8482982.0,prizepicks,26.0,26.5,-0.5,OVER,27.0,WIN,1.0
2024-25,3e348b00afe6135bc6713c9df4203e69,,8481692.0,prizepicks,28.0,28.5,-0.5,OVER,32.0,WIN,1.0
2024-25,3e87222ad607d014ddf601bb7c5f9b03,,8478971.0,prizepicks,27.5,26.5,1.0,UNDER,4.0,WIN,1.0
2024-25,40db3f856114c27935908aa8e313e57f,,8473503.0,prizepicks,26.5,27.5,-1.0,OVER,17.0,LOSS,-1.0
2024-25,41988253c4b7849907b735f69751d6fc,,8477480.0,prizepicks,25.0,24.5,0.5,UNDER,29.0,LOSS,-1.0
2024-25,426e4847fa73b7a7522cb97eb1729af8,,8479361.0,prizepicks,23.0,22.5,0.5,UNDER,25.0,LOSS,-1.0
2024-25,426e4847fa73b7a7522cb97eb1729af8,,8482821.0,prizepicks,27.0,26.5,0.5,UNDER,25.0,WIN,1.0
2024-25,430d8352df9a5e8c331ee2a298946cb4,,8481519.0,prizepicks,21.0,20.5,0.5,UNDER,34.0,LOSS,-1.0
2024-25,441fc1c818cb090f6995689109cde7f7,,8476932.0,prizepicks,24.0,24.5,-0.5,OVER,26.0,WIN,1.0
2024-25,44ff3bacbb972e51b620ea4d0ec8dfa4,,8478499.0,prizepicks,22.0,22.5,-0.5,OVER,24.0,WIN,1.0
2024-25,458d015c54b2fd71e4850b24c6f221f1,,8479406.0,prizepicks,26.5,25.5,1.0,UNDER,46.0,LOSS,-1.0
2024-25,45b2abccd1c5eafc72847abc2288c4e3,,8479292.0,prizepicks,20.5,19.5,1.0,UNDER,19.0,WIN,1.0
2024-25,45dcf5dcd21bc99e6a1734c1a5e0d4e4,,8482982.0,prizepicks,24.5,25.5,-1.0,OVER,30.0,WIN,1.0
2024-25,4651175352fde586873ad95771f971b5,,8480947.0,prizepicks,22.0,21.5,0.5,UNDER,37.0,LOSS,-1.0
2024-25,46ba799ca902ad4c63234a9a80fa1f5d,,8478009.0,prizepicks,26.0,26.5,-0.5,OVER,15.0,LOSS,-1.0
2024-25,482ef5661945b0a985a6e1f3f1eba0fc,,8482783.0,prizepicks,28.0,27.5,0.5,UNDER,25.0,WIN,1.0
2024-25,482ef5661945b0a985a6e1f3f1eba0fc,,8477424.0,prizepicks,27.0,26.5,0.5,UNDER,20.0,WIN,1.0
2024-25,48a78115314cd8cfc17c286225cc2e33,,8475683.0,prizepicks,23.0,22.5,0.5,UNDER,29.0,LOSS,-1.0
2024-25,4a5950e4e36bed12e962a91150ae97d9,,8476945.0,prizepicks,25.0,24.5,0.5,UNDER,22.0,WIN,1.0
2024-25,4a5950e4e36bed12e962a91150ae97d9,,8474593.0,prizepicks,23.0,22.5,0.5,UNDER,29.0,LOSS,-1.0
2024-25,4b2c8d274f18a26ec56fa2905889cb0e,,8475809.0,prizepicks,27.0,26.5,0.5,UNDER,25.0,WIN,1.0
2024-25,4b2c8d274f18a26ec56fa2905889cb0e,,8477465.0,prizepicks,28.0,27.5,0.5,UNDER,21.0,WIN,1.0
2024-25,4becb015b7b5d01e490a525901d12af1,,8479406.0,prizepicks,25.0,24.5,0.5,UNDER,34.0,LOSS,-1.0
2024-25,4becb015b7b5d01e490a525901d12af1,,8478048.0,prizepicks,24.0,23.5,0.5,UNDER,20.0,WIN,1.0
2024-25,4bfc7d60a39847e7e2c87b5a915c3b0e,,8475311.0,prizepicks,22.0,21.5,0.5,UNDER,28.0,LOSS,-1.0
2024-25,4c06cee6042f06cc35b916e0ff94f7e1,,8481519.0,prizepicks,29.0,28.5,0.5,UNDER,18.0,WIN,1.0
2024-25,4cbdf20f96b6c6294bced1ebec6f774c,,8478470.0,prizepicks,23.0,22.5,0.5,UNDER,27.0,LOSS,-1.0
2024-25,4cbdf20f96b6c6294bced1ebec6f774c,,8480382.0,prizepicks,26.0,25.5,0.5,UNDER,16.0,WIN,1.0
2024-25,4cf6d88e4d0b97a30239a457095a8742,,8480981.0,prizepicks,25.0,24.5,0.5,UNDER,22.0,WIN,1.0
2024-25,4d6d6be473eda483a799d15d229883fe,,8476412.0,prizepicks,27.0,26.5,0.5,UNDER,36.0,LOSS,-1.0
2024-25,4e8ae8f582eb9fab3f053e48c07c918b,,8478872.0,prizepicks,24.0,23.5,0.5,UNDER,26.0,LOSS,-1.0
2024-25,4e9683f1e35bb723f3bdbed9ac782749,,8474596.0,prizepicks,27.0,27.5,-0.5,OVER,36.0,WIN,1.0
2024-25,4eacb29cd7d69cea068fd4fa97e0bb3d,,8479979.0,prizepicks,25.0,25.5,-0.5,OVER,11.0,LOSS,-1.0
2024-25,4edde452555399f50065b9ab704af86e,,8476883.0,prizepicks,25.0,25.5,-0.5,OVER,29.0,WIN,1.0
2024-25,502a45293369c41b515d9f9290ee84c8,,8482661.0,prizepicks,27.0,27.5,-0.5,OVER,19.0,LOSS,-1.0
2024-25,50a49e29f948ef6b627a989b863a270a,,8482447.0,prizepicks,24.0,23.5,0.5,UNDER,23.0,WIN,1.0
2024-25,515f2c393e348f2f19ddfb0819cc05f1,,8476999.0,prizepicks,26.0,25.5,0.5,UNDER,9.0,WIN,1.0
2024-25,517ef93b76b15e48705b4645a981f856,,8478916.0,prizepicks,25.0,24.5,0.5,UNDER,31.0,LOSS,-1.0
2024-25,517ef93b76b15e48705b4645a981f856,,8477465.0,prizepicks,24.5,24.0,0.5,UNDER,14.0,WIN,1.0
2024-25,534946a43ead305dc7d5f9fa6916984b,,8480313.0,prizepicks,23.0,23.5,-0.5,OVER,19.0,LOSS,-1.0
2024-25,539109a17aef958a7a73060f2671eba5,,8474593.0,prizepicks,22.5,23.5,-1.0,OVER,22.0,LOSS,-1.0
2024-25,5391cb719cde089ac3ac84734bc2853c,,8480313.0,prizepicks,26.0,25.5,0.5,UNDER,9.0,WIN,1.0
2024-25,5432cf9b42b41bbee107a5245e24f159,,8480382.0,prizepicks,26.0,25.5,0.5,UNDER,30.0,LOSS,-1.0
2024-25,54e596facd156f310cff19f619f96105,,8481692.0,prizepicks,28.5,29.0,-0.5,OVER,26.0,LOSS,-1.0
2024-25,5545a1e17e7325beea46099d1a13705a,,8475311.0,prizepicks,21.0,20.5,0.5,UNDER,20.0,WIN,1.0
2024-25,5545a1e17e7325beea46099d1a13705a,,8477967.0,prizepicks,21.0,20.5,0.5,UNDER,16.0,WIN,1.0
2024-25,55684bdbbf2dff63bae83e37c12a37da,,8480280.0,prizepicks,24.0,23.5,0.5,UNDER,36.0,LOSS,-1.0
2024-25,566ccc51d40b1c64a9ca6339806424fc,,8479406.0,prizepicks,25.0,24.5,0.5,UNDER,26.0,LOSS,-1.0
2024-25,56eda3b51b4eb1875c2ce1a037a23e88,,8481692.0,prizepicks,28.5,27.5,1.0,UNDER,35.0,LOSS,-1.0
2024-25,56eda3b51b4eb1875c2ce1a037a23e88,,8477968.0,prizepicks,28.5,27.5,1.0,UNDER,22.0,WIN,1.0
2024-25,58f8025b4a1110c3e34efba838b3fad7,,8481035.0,prizepicks,23.5,24.5,-1.0,OVER,8.0,LOSS,-1.0
2024-25,5a05f4767af001a4fd40e49ac3c89205,,8476412.0,prizepicks,24.0,23.5,0.5,UNDER,31.0,LOSS,-1.0
2024-25,5b7b7fcbbbd7f6e75651deeca6832c56,,8476914.0,prizepicks,23.0,23.5,-0.5,OVER,18.0,LOSS,-1.0
2024-25,5c9f06d80ae8f9653815d50ff6b75e74,,8476412.0,prizepicks,24.0,23.5,0.5,UNDER,27.0,LOSS,-1.0
2024-25,5e1121f3376c47c6afc0b4afb8fbb71e,,8478406.0,prizepicks,25.0,24.5,0.5,UNDER,24.0,WIN,1.0
2024-25,5e1fc7bcc8329c06e7e40a4e30844bbf,,8480313.0,prizepicks,21.5,22.5,-1.0,OVER,19.0,LOSS,-1.0
2024-25,614d0746f6c0429463aef1ffeb50063a,,8479979.0,prizepicks,27.0,26.5,0.5,UNDER,22.0,WIN,1.0
2024-25,629b1d39d8445ca91f70ae246c54b2ac,,8475660.0,prizepicks,26.0,25.5,0.5,UNDER,32.0,LOSS,-1.0
2024-25,63964843251ca5f47797fb3bfc72daae,,8480313.0,prizepicks,26.0,26.5,-0.5,OVER,30.0,WIN,1.0
2024-25,63964843251ca5f47797fb3bfc72daae,,8479973.0,prizepicks,23.5,22.5,1.0,UNDER,11.0,WIN,1.0
2024-25,649db83a54382f9678a811221f2ba7a7,,8476883.0,prizepicks,25.0,25.5,-0.5,OVER,30.0,WIN,1.0
2024-25,65352e3b36ada043103898742eb8854e,,8474593.0,prizepicks,24.0,23.5,0.5,UNDER,21.0,WIN,1.0
2024-25,673349f3926b9b3bb9d5742be76b75e3,,8477967.0,prizepicks,24.0,23.5,0.5,UNDER,25.0,LOSS,-1.0
2024-25,677c12971dc48ca4f8984370c8119c4e,,8475660.0,prizepicks,25.0,24.5,0.5,UNDER,23.0,WIN,1.0
2024-25,677c12971dc48ca4f8984370c8119c4e,,8480313.0,prizepicks,23.0,22.5,0.5,UNDER,17.0,WIN,1.0
2024-25,6787bc1150e6cb648b432576d63feb92,,8477484.0,prizepicks,25.5,26.5,-1.0,OVER,15.0,LOSS,-1.0
2024-25,680ad4b139a12cca1752d69fddbfd8a4,,8475683.0,prizepicks,23.0,22.5,0.5,UNDER,21.0,WIN,1.0
2024-25,68bb2a48a273edeafeff2a4801d65c73,,8478048.0,prizepicks,28.0,27.5,0.5,UNDER,7.0,WIN,1.0
2024-25,694daa574850b52d823f1179f001cc6a,,8481692.0,prizepicks,24.0,24.5,-0.5,OVER,14.0,LOSS,-1.0
2024-25,69d93baab9c353ad17989c63d6025c99,,8475852.0,prizepicks,27.5,26.5,1.0,UNDER,24.0,WIN,1.0
2024-25,6a58f1594528c7358b6821068270dd42,,8480947.0,prizepicks,21.0,20.5,0.5,UNDER,27.0,LOSS,-1.0
2024-25,6a58f1594528c7358b6821068270dd42,,8476945.0,prizepicks,21.0,20.5,0.5,UNDER,23.0,LOSS,-1.0
2024-25,6b1f15d86e7483e2c52e2952671f77d2,,8479979.0,prizepicks,24.0,24.5,-0.5,OVER,18.0,LOSS,-1.0
2024-25,6b1f15d86e7483e2c52e2952671f77d2,,8478499.0,prizepicks,25.0,25.5,-0.5,OVER,23.0,LOSS,-1.0
2024-25,6c291d555c0c1bfa9c5d1677a14b7043,,8474593.0,prizepicks,27.0,27.5,-0.5,OVER,29.0,WIN,1.0
2024-25,6c291d555c0c1bfa9c5d1677a14b7043,,8478435.0,prizepicks,28.0,27.5,0.5,UNDER,22.0,WIN,1.0
2024-25,6c64f93a54a3dfcfef3ee96badd8916e,,8478007.0,prizepicks,25.5,26.5,-1.0,OVER,36.0,WIN,1.0
2024-25,6c64f93a54a3dfcfef3ee96badd8916e,,8471734.0,prizepicks,25.5,24.5,1.0,UNDER,22.0,WIN,1.0
2024-25,6cba15f2b192d25cd838dfb04c4c45d7,,8478872.0,prizepicks,26.0,26.5,-0.5,OVER,30.0,WIN,1.0
2024-25,6cde37b5e7abed2600ee06a73f3b63a7,,8479979.0,prizepicks,28.0,28.5,-0.5,OVER,20.0,LOSS,-1.0
2024-25,6f8968af552083b840c0f9b6c04aeafb,,8476999.0,prizepicks,28.5,27.5,1.0,UNDER,43.0,LOSS,-1.0
2024-25,701bfc034ec9e0c7772e13b357dffd85,,8476883.0,prizepicks,25.0,24.5,0.5,UNDER,27.0,LOSS,-1.0
2024-25,70a8a7b38700abf41a201b63ddb55fe8,,8475660.0,prizepicks,22.0,20.5,1.5,UNDER,12.0,WIN,1.0
2024-25,72b5ce9ecfef0c0850e8b731f0b7fb2a,,8479406.0,prizepicks,23.5,22.5,1.0,UNDER,18.0,WIN,1.0
2024-25,734a9d23e2e548e2d898e1b69c8169f7,,8476945.0,prizepicks,23.5,24.5,-1.0,OVER,25.0,WIN,1.0
2024-25,738668a48505717372ad9bb710f4dfe8,,8478435.0,prizepicks,26.0,26.5,-0.5,OVER,20.0,LOSS,-1.0
2024-25,74dfa40587e0166d0f6ea54be30e53fc,,8480981.0,prizepicks,26.5,27.5,-1.0,OVER,31.0,WIN,1.0
2024-25,7620a018b2c1625b82ed83078d422e74,,8470594.0,prizepicks,28.5,27.5,1.0,UNDER,26.0,WIN,1.0
2024-25,777e494f93aec8705a6510b78ff300fb,,8478009.0,prizepicks,28.0,27.5,0.5,UNDER,32.0,LOSS,-1.0
2024-25,783d55d616914db0add635c2de05b317,,8478492.0,prizepicks,25.5,26.5,-1.0,OVER,31.0,WIN,1.0
2024-25,79199e8bf26d69a47b26ea2ecdd89bb3,,8478916.0,prizepicks,24.0,23.5,0.5,UNDER,36.0,LOSS,-1.0
2024-25,794d0d208dfb1933357ad4f8076b51df,,8478024.0,prizepicks,28.0,27.5,0.5,UNDER,4.0,WIN,1.0
2024-25,794d0d208dfb1933357ad4f8076b51df,,8473503.0,prizepicks,25.0,25.5,-0.5,OVER,26.0,WIN,1.0
2024-25,795eb058c00c1cd6e4059a77e4750e6e,,8476434.0,prizepicks,27.0,27.5,-0.5,OVER,26.0,LOSS,-1.0
2024-25,799da645c6ff0dda34f50d4e73677ab5,,8476932.0,prizepicks,26.0,26.5,-0.5,OVER,29.0,WIN,1.0
2024-25,7a9db95590ae408a73f0c7dd04fc9e4f,,8476412.0,prizepicks,24.0,23.5,0.5,UNDER,25.0,LOSS,-1.0
2024-25,7bc55046c8f2eb693e425d8260ee9de0,,8477992.0,prizepicks,26.0,25.5,0.5,UNDER,23.0,WIN,1.0
2024-25,7bd4c9727f57dfdd5a5b4a0abc76b23d,,8478916.0,prizepicks,26.0,26.5,-0.5,OVER,31.0,WIN,1.0
2024-25,7da828411b70a5fc50f0cf271d3a88fe,,8479973.0,prizepicks,24.0,24.5,-0.5,OVER,27.0,WIN,1.0
2024-25,7e51f121fd8826fe702b70142fafc0ee,,8475660.0,prizepicks,25.5,26.5,-1.0,OVER,17.0,LOSS,-1.0
2024-25,800d42e4006f9569b9696270110b6534,,8479361.0,prizepicks,22.0,21.5,0.5,UNDER,32.0,LOSS,-1.0
2024-25,802539eb32a9ffada5b017ccae3d78ef,,8478009.0,prizepicks,29.0,28.5,0.5,UNDER,19.0,WIN,1.0
2024-25,80528e3ac6eb40c990e6231ffe15f115,,8479406.0,prizepicks,24.0,23.5,0.5,UNDER,34.0,LOSS,-1.0
2024-25,805d7cc02aabb1b8f7853d01cff4ee01,,8475311.0,prizepicks,26.0,26.5,-0.5,OVER,28.0,WIN,1.0
2024-25,80d3e18610d32424304f742b11bc87b1,,8478916.0,prizepicks,24.0,23.5,0.5,UNDER,23.0,WIN,1.0
2024-25,812768da32fbc63cccd0b5b630c8bcfd,,8478406.0,prizepicks,26.0,26.5,-0.5,OVER,17.0,LOSS,-1.0
2024-25,81a1ecd880340d4dffb9be81a940bc7e,,8481692.0,prizepicks,23.0,23.5,-0.5,OVER,26.0,WIN,1.0
2024-25,81e076f82bf2c187e4a6875d1dcfb9e9,,8474593.0,prizepicks,25.5,26.5,-1.0,OVER,17.0,LOSS,-1.0
2024-25,82c085ba3c2b8f5af4ee186a426ea032,,8479973.0,prizepicks,25.0,25.5,-0.5,OVER,26.0,WIN,1.0
2024-25,82c085ba3c2b8f5af4ee186a426ea032,,8480280.0,prizepicks,25.5,26.5,-1.0,OVER,35.0,WIN,1.0
2024-25,83c0969745a0dcf0d63cc504d84ec1b6,,8475852.0,prizepicks,28.0,27.5,0.5,UNDER,31.0,LOSS,-1.0
2024-25,84007e2ead42de76d2f327e46737eb8b,,8478009.0,prizepicks,26.5,27.5,-1.0,OVER,9.0,LOSS,-1.0
2024-25,841ae88fe2318d66b7b5f177009d7f25,,8479292.0,prizepicks,26.0,25.5,0.5,UNDER,20.0,WIN,1.0
2024-25,84d9fcfd835e05c83db8566fa4774f49,,8478007.0,prizepicks,26.0,25.5,0.5,UNDER,18.0,WIN,1.0
2024-25,84dda2dd887e3a55b43381ee5470ec04,,8480947.0,prizepicks,26.5,25.5,1.0,UNDER,27.0,LOSS,-1.0
2024-25,84e4eb52d2cbd8144f0797ae9d69e5c5,,8475883.0,prizepicks,22.0,21.5,0.5,UNDER,14.0,WIN,1.0
2024-25,854cfe74027cfa79976288f151fda4a0,,8477405.0,prizepicks,23.0,23.5,-0.5,OVER,18.0,LOSS,-1.0
2024-25,8559e341dfb69d90a8764337755446a7,,8479496.0,prizepicks,21.0,21.5,-0.5,OVER,14.0,LOSS,-1.0
2024-25,8594f0c47229243cf0e5e23a6a699a4e,,8478009.0,prizepicks,24.5,25.5,-1.0,OVER,28.0,WIN,1.0
2024-25,8594f0c47229243cf0e5e23a6a699a4e,,8479406.0,prizepicks,25.0,25.5,-0.5,OVER,32.0,WIN,1.0
2024-25,85c7dab77db8bfa0ad8f343748b96f6f,,8476434.0,prizepicks,27.5,26.5,1.0,UNDER,21.0,WIN,1.0
2024-25,862935125406bf742e74922b0790a6ec,,8480313.0,prizepicks,24.0,24.5,-0.5,OVER,18.0,LOSS,-1.0
2024-25,86cf1e7357d989761b64adec1c98a521,,8480280.0,prizepicks,28.0,27.5,0.5,UNDER,23.0,WIN,1.0
2024-25,86cf1e7357d989761b64adec1c98a521,,8479973.0,prizepicks,25.0,25.5,-0.5,OVER,24.0,LOSS,-1.0
2024-25,8851bcc07756f096356684e7d40eddd3,,8479406.0,prizepicks,25.5,24.5,1.0,UNDER,13.0,WIN,1.0
2024-25,88c9da229f43d539ef7df6351bac4914,,8481611.0,prizepicks,22.0,22.5,-0.5,OVER,16.0,LOSS,-1.0
2024-25,88c9da229f43d539ef7df6351bac4914,,8475660.0,prizepicks,26.0,25.5,0.5,UNDER,30.0,LOSS,-1.0
2024-25,891e79853fc6e92428dbc09390d6df8a,,8475311.0,prizepicks,24.0,24.5,-0.5,OVER,25.0,WIN,1.0
2024-25,899d0dc22dbac52e33200a1323d9dc06,,8479312.0,prizepicks,28.5,27.5,1.0,UNDER,23.0,WIN,1.0
2024-25,89a6126048760923084e95fca71eabeb,,8477424.0,prizepicks,21.0,20.5,0.5,UNDER,24.0,LOSS,-1.0
2024-25,8bee1ae737849c57b946eb7cc22fc189,,8481035.0,prizepicks,23.0,23.5,-0.5,OVER,39.0,WIN,1.0
2024-25,8bee1ae737849c57b946eb7cc22fc189,,8478872.0,prizepicks,23.0,22.5,0.5,UNDER,18.0,WIN,1.0
2024-25,8cb5cb4b4b7c5e74396ab632244a6c51,,8479406.0,prizepicks,27.0,27.5,-0.5,OVER,25.0,LOSS,-1.0
2024-25,8cdd88e8dbeb642a12ce73edafda1f27,,8480947.0,prizepicks,23.0,22.5,0.5,UNDER,32.0,LOSS,-1.0
2024-25,8d6be3ef6a49730324a0b1be29066ab2,,8473575.0,prizepicks,25.0,24.5,0.5,UNDER,17.0,WIN,1.0
2024-25,8ebe41f2500eda83444eb648169d1897,,8481692.0,prizepicks,24.0,23.5,0.5,UNDER,30.0,LOSS,-1.0
2024-25,8f42cc0a1a14454a4efed3a3babc0e2e,,8474596.0,prizepicks,26.0,26.5,-0.5,OVER,29.0,WIN,1.0
2024-25,8f78d2ba8f3a31f542817b48700901ed,,8477465.0,prizepicks,25.0,24.5,0.5,UNDER,8.0,WIN,1.0
2024-25,8fa6540cadfe31b2ed8a17fe9b6bf8af,,8477967.0,prizepicks,24.0,24.5,-0.5,OVER,11.0,LOSS,-1.0
2024-25,8fa6540cadfe31b2ed8a17fe9b6bf8af,,8479979.0,prizepicks,22.0,21.5,0.5,UNDER,26.0,LOSS,-1.0
2024-25,8faf7fde70d81b4fa1115653c6a5eed4,,8477967.0,prizepicks,25.0,24.5,0.5,UNDER,31.0,LOSS,-1.0
2024-25,8faf7fde70d81b4fa1115653c6a5eed4,,8477424.0,prizepicks,23.0,23.5,-0.5,OVER,19.0,LOSS,-1.0
2024-25,9089d02273835077cfaebc975b89c598,,8475683.0,prizepicks,23.0,22.5,0.5,UNDER,25.0,LOSS,-1.0
2024-25,9089d02273835077cfaebc975b89c598,,8478007.0,prizepicks,26.5,27.5,-1.0,OVER,28.0,WIN,1.0
2024-25,916cb753022c302d81c9df2a9f8c09fb,,8475683.0,prizepicks,23.0,23.5,-0.5,OVER,26.0,WIN,1.0
2024-25,91d507bc23ab34862564cb4e69d75a95,,8477465.0,prizepicks,28.0,28.5,-0.5,OVER,22.0,LOSS,-1.0
2024-25,92e39f7498c26a42b2a1cd0ecd13f900,,8480193.0,prizepicks,25.0,25.5,-0.5,OVER,29.0,WIN,1.0
2024-25,92e39f7498c26a42b2a1cd0ecd13f900,,8475660.0,prizepicks,24.0,23.5,0.5,UNDER,25.0,LOSS,-1.0
2024-25,93214473dc5cf7d707acae73a925a747,,8478048.0,prizepicks,26.5,27.5,-1.0,OVER,29.0,WIN,1.0
2024-25,93214473dc5cf7d707acae73a925a747,,8478492.0,prizepicks,23.5,24.5,-1.0,OVER,24.0,WIN,1.0
2024-25,93293c1b55c51809de00f5cc317c2f0c,,8478905.0,prizepicks,25.5,26.5,-1.0,OVER,22.0,LOSS,-1.0
2024-25,93293c1b55c51809de00f5cc317c2f0c,,8483710.0,prizepicks,25.5,26.5,-1.0,OVER,30.0,WIN,1.0
2024-25,94e978de323e52decbd86fa19b409ca0,,8480045.0,prizepicks,26.0,25.5,0.5,UNDER,32.0,LOSS,-1.0
2024-25,989f282e97385b2a48abc95769e5bb9f,,8482982.0,prizepicks,25.0,25.5,-0.5,OVER,31.0,WIN,1.0
2024-25,98a3c21d509474ce17668c659fa26444,,8477465.0,prizepicks,27.0,26.5,0.5,UNDER,32.0,LOSS,-1.0
2024-25,98f9a6346c960ec091ed6e09976f2f27,,8479292.0,prizepicks,22.0,22.5,-0.5,OVER,21.0,LOSS,-1.0
2024-25,99011107bf85396208a0ff801b390a43,,8471734.0,prizepicks,26.0,25.5,0.5,UNDER,37.0,LOSS,-1.0
2024-25,9ad82f60776bebc088bdf444444c1827,,8480280.0,prizepicks,28.0,28.5,-0.5,OVER,23.0,LOSS,-1.0
2024-25,9ad82f60776bebc088bdf444444c1827,,8476932.0,prizepicks,25.0,24.5,0.5,UNDER,29.0,LOSS,-1.0
2024-25,9ba1bcdf8f6232ce5cb85b6857643c77,,8475660.0,prizepicks,26.0,26.5,-0.5,OVER,11.0,LOSS,-1.0
2024-25,9ba1bcdf8f6232ce5cb85b6857643c77,,8476883.0,prizepicks,22.0,21.5,0.5,UNDER,38.0,LOSS,-1.0
2024-25,9ba3e330acde025e587ffeddea362577,,8480280.0,prizepicks,26.0,26.5,-0.5,OVER,27.0,WIN,1.0
2024-25,9ba3e330acde025e587ffeddea362577,,8476945.0,prizepicks,26.5,25.5,1.0,UNDER,23.0,WIN,1.0
2024-25,9c5d91c96cbdc30cc48c8ab751780b59,,8477465.0,prizepicks,28.0,28.5,-0.5,OVER,31.0,WIN,1.0
2024-25,9c5d91c96cbdc30cc48c8ab751780b59,,8481519.0,prizepicks,24.0,24.5,-0.5,OVER,29.0,WIN,1.0
2024-25,9d0d98d83954465a9dc49bf3f418d69c,,8477968.0,prizepicks,28.0,27.5,0.5,UNDER,40.0,LOSS,-1.0
2024-25,9d6255a58b107ffb19c361f6b33d7854,,8480280.0,prizepicks,25.0,25.5,-0.5,OVER,10.0,LOSS,-1.0
2024-25,9d9aa12d99aa96c3ad343bc6ec85d83a,,8478971.0,prizepicks,24.5,23.5,1.0,UNDER,41.0,LOSS,-1.0
2024-25,9e53eb6c7ee9b61be628459b15c7698c,,8475809.0,prizepicks,25.0,25.5,-0.5,OVER,19.0,LOSS,-1.0
2024-25,9e772482d5eda16bbc03e0e7b249ee1c,,8482137.0,prizepicks,26.5,25.5,1.0,UNDER,27.0,LOSS,-1.0
2024-25,9ea0d44b79f7aaf238ad3f2eca9789fb,,8482821.0,prizepicks,26.0,26.5,-0.5,OVER,38.0,WIN,1.0
2024-25,9ecd006689ad309e8f76f2fde09bbff0,,8476883.0,prizepicks,28.0,28.5,-0.5,OVER,35.0,WIN,1.0
2024-25,9f36be82c26eb0e56ef46b4c30152438,,8476883.0,prizepicks,27.0,27.5,-0.5,OVER,17.0,LOSS,-1.0
2024-25,9f36be82c26eb0e56ef46b4c30152438,,8479406.0,prizepicks,25.0,25.5,-0.5,OVER,27.0,WIN,1.0
2024-25,a0e9fd0e05b236c4538605839e81c600,,8477424.0,prizepicks,23.0,22.5,0.5,UNDER,4.0,WIN,1.0
2024-25,a0f68bff29ca7380880076335286d203,,8479406.0,prizepicks,27.5,26.5,1.0,UNDER,38.0,LOSS,-1.0
2024-25,a11b19bac8088e57e49e08cd6982a56e,,8479973.0,prizepicks,23.0,23.5,-0.5,OVER,17.0,LOSS,-1.0
2024-25,a11f084845e738c4c362ab8adc592c98,,8478406.0,prizepicks,27.5,26.5,1.0,UNDER,37.0,LOSS,-1.0
2024-25,a1e910d4ec8e61ea52980ff4d0b83f48,,8479292.0,prizepicks,21.0,20.5,0.5,UNDER,9.0,WIN,1.0
2024-25,a218896b721c955ced1614c287f39e60,,8480981.0,prizepicks,25.0,24.5,0.5,UNDER,16.0,WIN,1.0
2024-25,a26053ec4cc4c670eca389373e164fad,,8478406.0,prizepicks,23.0,22.5,0.5,UNDER,22.0,WIN,1.0
2024-25,a2760ceccb8411d1481f8e8d3fd3f8c9,,8476932.0,prizepicks,25.5,24.5,1.0,UNDER,27.0,LOSS,-1.0
2024-25,a355b95242b9c1b924ce960f95259fc1,,8480313.0,prizepicks,25.0,24.5,0.5,UNDER,32.0,LOSS,-1.0
2024-25,a38ebb44ebf0f3533da6fb66a2bf36b9,,8475717.0,prizepicks,24.5,25.5,-1.0,OVER,27.0,WIN,1.0
2024-25,a6abee067a4789162efa7a9273e68395,,8481692.0,prizepicks,27.0,26.5,0.5,UNDER,28.0,LOSS,-1.0
2024-25,a6ffcfbadc613d9dd35997a46a67179a,,8478971.0,prizepicks,24.0,23.5,0.5,UNDER,20.0,WIN,1.0
2024-25,a78b8baef926bc27b766ba8eba2b9b81,,8481692.0,prizepicks,22.0,22.5,-0.5,OVER,28.0,WIN,1.0
2024-25,a7a4e33b395caef1e8c03c3504a6b92c,,8481519.0,prizepicks,27.5,26.5,1.0,UNDER,25.0,WIN,1.0
2024-25,a7ad02026fe3d719fc6290ba3cffc771,,8479193.0,prizepicks,24.5,25.5,-1.0,OVER,27.0,WIN,1.0
2024-25,a87c4d83a10ff51046f97a6ea8ecafcd,,8475717.0,prizepicks,22.0,22.5,-0.5,OVER,29.0,WIN,1.0
2024-25,a87c4d83a10ff51046f97a6ea8ecafcd,,8482821.0,prizepicks,29.0,28.5,0.5,UNDER,34.0,LOSS,-1.0
2024-25,a8ac43b9370186d21670cf4837b86b8b,,8478048.0,prizepicks,28.5,29.5,-1.0,OVER,34.0,WIN,1.0
2024-25,a8ac43b9370186d21670cf4837b86b8b,,8476932.0,prizepicks,26.0,25.5,0.5,UNDER,25.0,WIN,1.0
2024-25,ab937d0c61485f22a96f137ff81d53f8,,8478872.0,prizepicks,24.5,23.5,1.0,UNDER,21.0,WIN,1.0
2024-25,abd5cb47eefeb225d6bc2c0ee01251ce,,8476412.0,prizepicks,25.0,25.5,-0.5,OVER,22.0,LOSS,-1.0
2024-25,ace7a97511daeef3d2fefd212d417803,,8478048.0,prizepicks,27.5,27.0,0.5,UNDER,16.0,WIN,1.0
2024-25,ae2d6c0742e0fc4c3e374dcc00fc486b,,8481035.0,prizepicks,23.5,22.5,1.0,UNDER,31.0,LOSS,-1.0
2024-25,ae5aab3844c472a7fbc03fc5b36ccd57,,8476341.0,prizepicks,24.0,23.5,0.5,UNDER,28.0,LOSS,-1.0
2024-25,ae6fe2d0ab0ffd75f5b87a5d98669118,,8480382.0,prizepicks,27.5,28.5,-1.0,OVER,25.0,LOSS,-1.0
2024-25,aea834d82496335ea3476d702858ac06,,8477968.0,prizepicks,24.0,23.5,0.5,UNDER,11.0,WIN,1.0
2024-25,af03e241b32bac1d4a2b153a62d0a6ac,,8478872.0,prizepicks,23.5,24.5,-1.0,OVER,24.0,WIN,1.0
2024-25,afbf86b8ff683597773798d55565ab56,,8481692.0,prizepicks,28.0,27.5,0.5,UNDER,31.0,LOSS,-1.0
2024-25,afbf86b8ff683597773798d55565ab56,,8481611.0,prizepicks,23.0,23.5,-0.5,OVER,15.0,LOSS,-1.0
2024-25,b1359d1fd53b5316e032a801ad3503bc,,8480981.0,prizepicks,26.0,25.5,0.5,UNDER,33.0,LOSS,-1.0
2024-25,b21ede89a739255bfdc6bc24b70baa54,,8477480.0,prizepicks,26.0,25.5,0.5,UNDER,29.0,LOSS,-1.0
2024-25,b258c5a929e83fc794e66a3f29d85203,,8480382.0,prizepicks,24.0,24.5,-0.5,OVER,29.0,WIN,1.0
2024-25,b258c5a929e83fc794e66a3f29d85203,,8478024.0,prizepicks,28.0,28.5,-0.5,OVER,23.0,LOSS,-1.0
2024-25,b39c374a581ea8c0726d5b6b4eeea32f,,8480280.0,prizepicks,25.0,25.5,-0.5,OVER,18.0,LOSS,-1.0
2024-25,b41654c9f18219736912ff8c6ea401c0,,8478492.0,prizepicks,23.5,22.5,1.0,UNDER,35.0,LOSS,-1.0
2024-25,b46a46cfb8aeb4fdbb25206fe974c8b2,,8478435.0,prizepicks,29.0,29.5,-0.5,OVER,39.0,WIN,1.0
2024-25,b534f2a53c05db69116764b3097973a9,,8481692.0,prizepicks,23.0,22.5,0.5,UNDER,28.0,LOSS,-1.0
2024-25,b609b2ea2fae8c239ee0668d3e321172,,8479361.0,prizepicks,25.0,24.5,0.5,UNDER,24.0,WIN,1.0
2024-25,b851fea35190a681f95141e56cf7e2a5,,8478048.0,prizepicks,31.0,31.5,-0.5,OVER,27.0,LOSS,-1.0
2024-25,ba8a12e189b3d636ffb43be5cc4fa940,,8481035.0,prizepicks,24.5,23.5,1.0,UNDER,25.0,LOSS,-1.0
2024-25,ba8a12e189b3d636ffb43be5cc4fa940,,8479292.0,prizepicks,28.0,27.5,0.5,UNDER,17.0,WIN,1.0
2024-25,baf9e15a19ff2802ffe9db9744c001a3,,8479406.0,prizepicks,30.0,30.5,-0.5,OVER,21.0,LOSS,-1.0
2024-25,bafb36812aafc06a4d5a8edee71c5673,,8480280.0,prizepicks,26.0,26.5,-0.5,OVER,23.0,LOSS,-1.0
2024-25,bbbc92bd92e17ea6d5f913b3230cac01,,8477967.0,prizepicks,25.0,25.5,-0.5,OVER,28.0,WIN,1.0
2024-25,bbbdad8ca7da439e69cf021aeed1ad5e,,8475852.0,prizepicks,26.0,25.5,0.5,UNDER,21.0,WIN,1.0
2024-25,bbd87994921c6323c8a6b71a959e7456,,8481611.0,prizepicks,23.5,22.5,1.0,UNDER,29.0,LOSS,-1.0
2024-25,bc95b3d0c16c46c0ad909a13cfc3dfad,,8477405.0,prizepicks,25.0,25.5,-0.5,OVER,20.0,LOSS,-1.0
2024-25,bcdffe9539be1d88d947191a2c77bf3b,,8478009.0,prizepicks,26.0,26.5,-0.5,OVER,24.0,LOSS,-1.0
2024-25,bd1f0f9df9bf121068b7b8cf235ecc10,,8480313.0,prizepicks,24.0,23.5,0.5,UNDER,16.0,WIN,1.0
2024-25,bd3289f06af71cba049131fa712db898,,8478470.0,prizepicks,30.0,30.5,-0.5,OVER,21.0,LOSS,-1.0
2024-25,beb41a959a39fe66a8c65db951391c0d,,8470594.0,prizepicks,23.0,22.5,0.5,UNDER,24.0,LOSS,-1.0
2024-25,bfb094657d2eb6d6432dbefc1f9302c1,,8478499.0,prizepicks,26.5,25.5,1.0,UNDER,30.0,LOSS,-1.0
2024-25,bfb094657d2eb6d6432dbefc1f9302c1,,8478872.0,prizepicks,28.0,27.5,0.5,UNDER,25.0,WIN,1.0
2024-25,c02bb2d4d51ba290b2d89dc0316436f9,,8477970.0,prizepicks,28.0,27.5,0.5,UNDER,26.0,WIN,1.0
2024-25,c136ac7063d55c7b38c6d040c2144398,,8481611.0,prizepicks,25.0,24.5,0.5,UNDER,35.0,LOSS,-1.0
2024-25,c1eceeb01632dca8766a1f319b3e0c74,,8476883.0,prizepicks,24.5,25.5,-1.0,OVER,28.0,WIN,1.0
2024-25,c210b0d7e5923a981992d6eb5f90d593,,8483710.0,prizepicks,21.0,20.5,0.5,UNDER,16.0,WIN,1.0
2024-25,c3a1b87a1fe9bac036ac2d28cb331efe,,8476434.0,prizepicks,27.5,28.5,-1.0,OVER,30.0,WIN,1.0
2024-25,c4a19cb2dec774ca49d550963543c7bb,,8478916.0,prizepicks,26.0,25.5,0.5,UNDER,29.0,LOSS,-1.0
2024-25,c4cf4528f37a9bb8daa6c9e8d6c4518b,,8480947.0,prizepicks,27.5,28.5,-1.0,OVER,21.0,LOSS,-1.0
2024-25,c54fd63008cbc54a01d61a56020babc3,,8474596.0,prizepicks,27.0,27.5,-0.5,OVER,20.0,LOSS,-1.0
2024-25,c6a47beb2560f832b3633c106f58c37a,,8480981.0,prizepicks,26.0,26.5,-0.5,OVER,27.0,WIN,1.0
2024-25,c76f2eddbd210adf55906792b0967e86,,8478499.0,prizepicks,25.5,26.5,-1.0,OVER,22.0,LOSS,-1.0
2024-25,c77303dd04fcf712292055c545a80afb,,8476945.0,prizepicks,26.0,26.5,-0.5,OVER,33.0,WIN,1.0
2024-25,c82f22cb23af81e77b1e5c3e48852656,,8476999.0,prizepicks,25.0,24.5,0.5,UNDER,37.0,LOSS,-1.0
2024-25,c9a4220dcc8b92a45a4c99e63308f6ee,,8481611.0,prizepicks,23.0,23.5,-0.5,OVER,12.0,LOSS,-1.0
2024-25,cb7e921a7ba7cbd9a065d9dddf5ac422,,8478905.0,prizepicks,26.0,25.5,0.5,UNDER,19.0,WIN,1.0
2024-25,cb9e2241813638b192f6dbfbbd765bde,,8474593.0,prizepicks,26.0,25.5,0.5,UNDER,15.0,WIN,1.0
2024-25,cd2ab76f2b9c133631c0c8933555c9ce,,8480843.0,prizepicks,28.0,28.5,-0.5,OVER,30.0,WIN,1.0
2024-25,cd732af52a4c55b1a1c53806fad68578,,8473575.0,prizepicks,27.5,26.5,1.0,UNDER,24.0,WIN,1.0
2024-25,cdd01cc3a2eed7f63c8b8a78ca9791cf,,8479979.0,prizepicks,25.5,26.5,-1.0,OVER,22.0,LOSS,-1.0
2024-25,ce974b453fe9b4ed6739cafec8d321b5,,8481519.0,prizepicks,25.0,25.5,-0.5,OVER,28.0,WIN,1.0
2024-25,ceafe7e6aa4e23e870c9cb2b73935e18,,8478009.0,prizepicks,25.5,26.5,-1.0,OVER,22.0,LOSS,-1.0
2024-25,d179064d029fe5f1efce9753ab5dbcef,,8480280.0,prizepicks,26.0,26.5,-0.5,OVER,19.0,LOSS,-1.0
2024-25,d17c6ce4147ba6fa457097fb74596e72,,8476945.0,prizepicks,27.0,27.5,-0.5,OVER,22.0,LOSS,-1.0
2024-25,d198551c4933af0119268f7a8c0758d6,,8478470.0,prizepicks,24.5,25.5,-1.0,OVER,29.0,WIN,1.0
2024-25,d26556b9123ebf41f3be5df45840b21f,,8479361.0,prizepicks,28.5,29.0,-0.5,OVER,28.0,LOSS,-1.0
2024-25,d2e04b2771dc0196eaf4ca53300d4960,,8477480.0,prizepicks,27.0,27.5,-0.5,OVER,20.0,LOSS,-1.0
2024-25,d325efac00f33d3926f120e311e77cfe,,8483530.0,prizepicks,27.0,27.5,-0.5,OVER,22.0,LOSS,-1.0
2024-25,d34eb2ad0f2436cfa46f29a88923820b,,8479292.0,prizepicks,26.0,25.5,0.5,UNDER,18.0,WIN,1.0
2024-25,d45a9f1407a1c608cecf5b04a633f940,,8478470.0,prizepicks,26.5,25.5,1.0,UNDER,21.0,WIN,1.0
2024-25,d4a9d82f5a74007b2def6b90c936a1c7,,8478007.0,prizepicks,26.0,26.5,-0.5,OVER,20.0,LOSS,-1.0
2024-25,d51e51d10f2cde86857f1d48fa1f6cdc,,8482821.0,prizepicks,26.5,25.5,1.0,UNDER,30.0,LOSS,-1.0
2024-25,d697d7e852fa374512c5b2f7c4774b45,,8475660.0,prizepicks,28.0,27.5,0.5,UNDER,31.0,LOSS,-1.0
2024-25,d6db500dc03df53837de7e21d3f2f678,,8481611.0,prizepicks,26.0,26.5,-0.5,OVER,19.0,LOSS,-1.0
2024-25,d7244b0572118e12e4fa2adefb986653,,8481611.0,prizepicks,22.0,21.5,0.5,UNDER,27.0,LOSS,-1.0
2024-25,d7eaf962011fc863889ba84f5a4d0581,,8479979.0,prizepicks,24.0,24.5,-0.5,OVER,33.0,WIN,1.0
2024-25,d82cd215bc91fe923b6054cef532e21a,,8477465.0,prizepicks,25.0,24.5,0.5,UNDER,35.0,LOSS,-1.0
2024-25,da9ecb29b1bd4fd5fb735f10aa53ecfe,,8481035.0,prizepicks,20.0,19.5,0.5,UNDER,22.0,LOSS,-1.0
2024-25,dafda5bf92afdc6831baea931b85c174,,8477970.0,prizepicks,28.5,27.5,1.0,UNDER,7.0,WIN,1.0
2024-25,dc0194a84cab6e749def0fe98cf29a63,,8481611.0,prizepicks,20.5,19.5,1.0,UNDER,17.0,WIN,1.0
2024-25,dd1d5357a1ec91609c78e02c295cd5a3,,8475717.0,prizepicks,23.0,22.5,0.5,UNDER,24.0,LOSS,-1.0
2024-25,ddaf5359096ae19a62980d4691c9afdd,,8473503.0,prizepicks,25.0,24.5,0.5,UNDER,24.0,WIN,1.0
2024-25,de54591a52ab0be351078ef4ac07e68f,,8476341.0,prizepicks,23.5,24.0,-0.5,OVER,17.0,LOSS,-1.0
2024-25,dec13b2e7c2b05607efea4c366bd7e0a,,8478916.0,prizepicks,24.0,23.5,0.5,UNDER,28.0,LOSS,-1.0
2024-25,dee29291ff7eae7d5fbeb94d7fb53610,,8479496.0,prizepicks,24.0,24.5,-0.5,OVER,18.0,LOSS,-1.0
2024-25,dfcec4e256137573270af7e9d9df9039,,8479193.0,prizepicks,25.0,25.5,-0.5,OVER,36.0,WIN,1.0
2024-25,e0007c71c4be49543066be6a73846b69,,8481035.0,prizepicks,24.0,24.5,-0.5,OVER,28.0,WIN,1.0
2024-25,e089ac754d12413d6b443b549a9a84c5,,8477967.0,prizepicks,26.0,25.5,0.5,UNDER,18.0,WIN,1.0
2024-25,e0bfe8735fba7e05492abfd6a948c4b1,,8477424.0,prizepicks,23.0,22.5,0.5,UNDER,18.0,WIN,1.0
2024-25,e0f74a38503ed3fd67458529ba6de743,,8477480.0,prizepicks,26.0,26.5,-0.5,OVER,25.0,LOSS,-1.0
2024-25,e0f782a583f30d683622c3dd6a186cd5,,8482783.0,prizepicks,28.0,28.5,-0.5,OVER,26.0,LOSS,-1.0
2024-25,e1ce3e1e2c796d64e422167b1b559ae9,,8478009.0,prizepicks,24.0,24.5,-0.5,OVER,29.0,WIN,1.0
2024-25,e23739a51e69d01f4e9ba7c2cb9473fd,,8476412.0,prizepicks,26.5,27.5,-1.0,OVER,19.0,LOSS,-1.0
2024-25,e25156b6ea2ec943c6cd1fc9df878ada,,8477967.0,prizepicks,25.0,24.5,0.5,UNDER,13.0,WIN,1.0
2024-25,e2fd578a70b9d63d84eac284c70ac8a1,,8478009.0,prizepicks,27.0,27.5,-0.5,OVER,32.0,WIN,1.0
2024-25,e33125c8afd502f97270a7e197d2aa6e,,8476914.0,prizepicks,26.0,25.5,0.5,UNDER,19.0,WIN,1.0
2024-25,e33125c8afd502f97270a7e197d2aa6e,,8478048.0,prizepicks,24.0,23.5,0.5,UNDER,15.0,WIN,1.0
2024-25,e4498741ad46739c1a55ff48e71778f5,,8480313.0,prizepicks,25.0,25.5,-0.5,OVER,35.0,WIN,1.0
2024-25,e4498741ad46739c1a55ff48e71778f5,,8476899.0,prizepicks,25.5,26.5,-1.0,OVER,27.0,WIN,1.0
2024-25,e53f320db93f156b2faffd2fe8149e64,,8479973.0,prizepicks,24.5,25.5,-1.0,OVER,20.0,LOSS,-1.0
2024-25,e740bfb5feb08696652ed74b9e0c2f2f,,8478971.0,prizepicks,24.5,25.5,-1.0,OVER,21.0,LOSS,-1.0
2024-25,e74fab7ff8afc49dc96fa80117f9ef5c,,8478492.0,prizepicks,26.0,26.5,-0.5,OVER,19.0,LOSS,-1.0
2024-25,e7d93876407b41d8d42bd0460a99aadb,,8476945.0,prizepicks,24.0,23.5,0.5,UNDER,16.0,WIN,1.0
2024-25,e816e2289d2c1573047b346d69e06c4e,,8481692.0,prizepicks,23.0,23.5,-0.5,OVER,26.0,WIN,1.0
2024-25,e9210538012e8900193fbb6c2b851b09,,8478872.0,prizepicks,26.0,25.5,0.5,UNDER,30.0,LOSS,-1.0
2024-25,e98f1ea454e0456600691846bddd9e2c,,8478406.0,prizepicks,25.5,26.5,-1.0,OVER,20.0,LOSS,-1.0
2024-25,eaed1646282dce800ca4bc06a4d973cb,,8478435.0,prizepicks,24.0,23.5,0.5,UNDER,29.0,LOSS,-1.0
2024-25,ec44b733ed316a8283b2ea7b1b297b23,,8476945.0,prizepicks,28.5,27.5,1.0,UNDER,30.0,LOSS,-1.0
2024-25,ec44b733ed316a8283b2ea7b1b297b23,,8476932.0,prizepicks,26.5,27.5,-1.0,OVER,19.0,LOSS,-1.0
2024-25,ec6deddac7acc074eb909b205e72e348,,8479973.0,prizepicks,23.0,23.5,-0.5,OVER,29.0,WIN,1.0
2024-25,ecc152a9b8730229d56e3f92daf5ff40,,8477480.0,prizepicks,26.0,25.5,0.5,UNDER,28.0,LOSS,-1.0
2024-25,ed392d65ea47e6edd5c89e5b22a01417,,8477424.0,prizepicks,25.5,24.5,1.0,UNDER,34.0,LOSS,-1.0
2024-25,ed5f71c2486b0bdf246ea323ee2e6572,,8478470.0,prizepicks,21.0,20.5,0.5,UNDER,22.0,LOSS,-1.0
2024-25,efa2e80860eff06dfd773ceb3d6bcae4,,8476945.0,prizepicks,24.0,24.5,-0.5,OVER,23.0,LOSS,-1.0
2024-25,efe5f64f2d3e50fcc9e17d60e89b0b03,,8477968.0,prizepicks,27.0,26.5,0.5,UNDER,28.0,LOSS,-1.0
2024-25,efec572fbf82d389e58d23eb8a315a3d,,8474593.0,prizepicks,21.5,20.5,1.0,UNDER,21.0,WIN,1.0
2024-25,f02c503fcd50d41529a660e7478f0355,,8480045.0,prizepicks,27.5,26.5,1.0,UNDER,23.0,WIN,1.0
2024-25,f28771b334cf6c5084fda67bfa01ee31,,8480045.0,prizepicks,25.0,24.5,0.5,UNDER,20.0,WIN,1.0
2024-25,f290619ed1d0e26020e9e5059ff16804,,8480843.0,prizepicks,28.0,27.5,0.5,UNDER,32.0,LOSS,-1.0
2024-25,f3b11bf6918eaec55ff0c954ba1beafa,,8475852.0,prizepicks,26.5,27.5,-1.0,OVER,7.0,LOSS,-1.0
2024-25,f3e84e2691457fe95f0bd61309438b8c,,8478406.0,prizepicks,26.5,27.5,-1.0,OVER,27.0,WIN,1.0
2024-25,f58f948e9704be1dfee923ac6fb6a1d7,,8478470.0,prizepicks,24.0,23.5,0.5,UNDER,33.0,LOSS,-1.0
2024-25,f69742064e8bca89bdea8b97f849f6b9,,8475683.0,prizepicks,25.0,25.5,-0.5,OVER,26.0,WIN,1.0
2024-25,f8918f278f1f8c0a337f6c575925b271,,8477968.0,prizepicks,24.0,23.5,0.5,UNDER,23.0,WIN,1.0
2024-25,f8a60855603b6adee707bddb9ad8a2a5,,8476999.0,prizepicks,24.5,23.5,1.0,UNDER,48.0,LOSS,-1.0
2024-25,f8b670004daed735142e866025c730ea,,8480313.0,prizepicks,25.0,24.5,0.5,UNDER,29.0,LOSS,-1.0
2024-25,fb6ce82184e4240d915d75f4b7e93c3b,,8474596.0,prizepicks,22.5,23.5,-1.0,OVER,23.0,WIN,1.0
2024-25,fccd645a529bd94e0204ebbc3c6dcebf,,8479979.0,prizepicks,25.0,25.5,-0.5,OVER,27.0,WIN,1.0
2024-25,fce14efd6dafb43885d7433ddc1e642e,,8479979.0,prizepicks,25.0,24.5,0.5,UNDER,26.0,LOSS,-1.0
2024-25,fcfbff50fa3dbf044134ca5e5a8da1ec,,8479406.0,prizepicks,24.0,23.5,0.5,UNDER,28.0,LOSS,-1.0
2024-25,fd01a2201ebf5da48943806ea26a52b4,,8476883.0,prizepicks,25.0,25.5,-0.5,OVER,42.0,WIN,1.0
2024-25,fd079f663e0a5c41fed600f03644043f,,8478048.0,prizepicks,26.0,26.5,-0.5,OVER,25.0,LOSS,-1.0
2024-25,fd084c7b4cde9d46512660d1c00374e0,,8479312.0,prizepicks,26.0,26.5,-0.5,OVER,10.0,LOSS,-1.0
2024-25,fd5310b4fbb883ace6f3f210296b4489,,8480981.0,prizepicks,25.0,25.5,-0.5,OVER,21.0,LOSS,-1.0
2024-25,fd6647944f3419efd24c71522130d4f5,,8481611.0,prizepicks,22.0,21.5,0.5,UNDER,15.0,WIN,1.0
2024-25,fd90cd96f73166cccdc9573289aaba89,,8478435.0,prizepicks,25.5,24.5,1.0,UNDER,22.0,WIN,1.0
2024-25,fe1c2fa4903b8f99d355628443cff605,,8481611.0,prizepicks,23.5,22.5,1.0,UNDER,13.0,WIN,1.0
2024-25,fe36caff87c20d586ec3e4015a3c6e83,,8481611.0,prizepicks,23.5,24.5,-1.0,OVER,15.0,LOSS,-1.0
2024-25,fe482cdbabfec82468360b49d3a8e925,,8479979.0,prizepicks,26.0,26.5,-0.5,OVER,25.0,LOSS,-1.0
2024-25,fe9f599f531bf612ff8fe0387f5ff861,,8471734.0,prizepicks,23.0,22.5,0.5,UNDER,22.0,WIN,1.0
2024-25,fedfa2b85db342576050e02a1ae0e116,,8475683.0,prizepicks,21.0,20.5,0.5,UNDER,11.0,WIN,1.0
2024-25,ff28b4758e85204023c7afe74e4fb399,,8480045.0,prizepicks,27.5,27.0,0.5,UNDER,24.0,WIN,1.0
2025-26,,2025020822.0,8480947.0,prizepicks,25.0,24.5,0.5,UNDER,22.0,WIN,1.0
2025-26,,2025020830.0,8477424.0,prizepicks,23.5,24.5,-1.0,OVER,25.0,WIN,1.0
2025-26,,2025020846.0,8476434.0,prizepicks,23.5,24.5,-1.0,OVER,20.0,LOSS,-1.0
2025-26,,2025020848.0,8474593.0,prizepicks,22.5,23.5,-1.0,OVER,27.0,WIN,1.0
2025-26,,2025020867.0,8477424.0,prizepicks,24.5,25.5,-1.0,OVER,27.0,WIN,1.0
2025-26,,2025020867.0,8478009.0,prizepicks,23.5,24.5,-1.0,OVER,38.0,WIN,1.0
