game_id,goalie_id,residual
2023020002,8475852,11.092853595138621
2023020002,8477465,5.776840576713738
2023020003,8475831,-1.729463045869032
2023020003,8478499,6.705200661046028
2023020004,8475883,-0.8479559941270196
2023020004,8476914,8.458143418204571
2023020005,8474596,8.356087758341268
2023020005,8478492,-6.951842042362145
2023020006,8476999,-7.252743678697023
2023020006,8482821,4.13354374022493
2023020007,8474593,7.5891238308381475
2023020007,8476945,-10.061752533808566
2023020008,8475660,3.6184459444156687
2023020008,8480382,6.338711600301842
2023020009,8475789,-13.470208040663707
2023020009,8477967,-7.494207258024865
2023020010,8478048,-2.939654385098329
2023020010,8482221,0.6458564377998854
2023020011,8478007,5.972541494909272
2023020011,8479394,4.282600162060604
2023020012,8477970,6.127186409436028
2023020012,8478024,-5.8090544797329855
2023020013,8476412,6.628200788228511
2023020013,8479979,-1.375918778045424
2023020014,8475683,-8.945324670035411
2023020014,8479406,12.68863897483731
2023020015,8475831,6.840052504923619
2023020015,8477424,-2.1456737328933855
2023020016,8478039,2.6773988537866913
2023020016,8480313,-1.6421749600062796
2023020017,8478872,3.1982467967534376
2023020017,8481033,4.963216130697418
2023020018,8477465,-7.575286291539086
2023020018,8479292,2.677696771475489
2023020020,8475683,1.9334942573291514
2023020020,8476945,0.47153723842130546
2023020021,8477424,0.0924944805971677
2023020021,8480280,8.247129420939608
2023020022,8478007,-1.3976301769043715
2023020022,8478048,-10.448390399997308
2023020023,8477992,10.280274457131611
2023020023,8478024,-5.930294459706232
2023020024,8475852,7.091840480958346
2023020024,8478470,1.5567398154337369
2023020025,8474593,-4.3032410473287825
2023020025,8477968,7.008479133657595
2023020026,8478492,0.6220661297269601
2023020026,8479406,-3.1476341992350783
2023020027,8478009,-0.8345091819125088
2023020027,8482221,0.4817408773435332
2023020028,8476412,4.9770457213979356
2023020028,8478916,-0.6439260231015709
2023020029,8479193,8.7488028197916
2023020029,8479973,-14.06531943138176
2023020030,8478406,23.331460571747364
2023020030,8480382,-4.479853689283786
2023020031,8476434,8.68762280929338
2023020031,8478499,-3.500284312092006
2023020032,8475883,-2.209301264769728
2023020032,8477831,-11.992296914102255
2023020033,8476914,-5.228469332175102
2023020033,8477035,4.3250123266898015
2023020034,8477293,-6.367855197753158
2023020034,8480843,5.036475437782649
2023020035,8473503,-3.3510454634174778
2023020035,8477484,-1.9594951190605698
2023020036,8475683,1.7560528887196725
2023020036,8477970,-0.978878756966715
2023020037,8478048,0.8746292075447712
2023020037,8478971,-0.22973862585534732
2023020038,8479361,-0.6262562043637345
2023020038,8482821,5.652433950687758
2023020039,8474593,-5.18098819121429
2023020039,8475311,11.191375715998625
2023020040,8477992,1.6425803787890843
2023020040,8482221,-3.5814609030989075
2023020041,8470594,-0.13232557543279455
2023020041,8478470,3.571476285759452
2023020042,8477967,13.625457855897473
2023020042,8479394,0.7734335374304635
2023020043,8478009,-11.718203699479197
2023020043,8478872,6.707635007377874
2023020044,8475789,16.81296613329301
2023020044,8477424,-22.811496591574475
2023020045,8475660,-1.12592381675384
2023020045,8476945,-3.709000767767364
2023020046,8475831,-4.2890968653487676
2023020046,8480382,11.037852420238181
2023020047,8475883,-23.591464840387793
2023020047,8478406,8.564364588059803
2023020048,8478499,-3.6152074026669254
2023020048,8479979,5.660226731816259
2023020049,8475311,-5.697368390368759
2023020049,8476341,-3.6152879703713907
2023020050,8477465,-4.201348815447879
2023020050,8478024,1.3817588753189725
2023020051,8478435,-2.544786449652179
2023020051,8482221,4.9669184048471
2023020052,8475683,0.3973025921010631
2023020052,8478492,-7.4228182692598
2023020053,8477424,-3.3748183292878977
2023020053,8478048,-12.349752721992246
2023020054,8475789,0.9015530285777373
2023020054,8479394,-6.692984362721226
2023020055,8477967,4.629802756720615
2023020055,8477992,0.9955535910137243
2023020056,8470594,-7.101235879435912
2023020056,8475660,2.595184677567538
2023020057,8478971,-1.8613200206989688
2023020057,8480981,11.135129602993146
2023020058,8476316,-4.153708721683685
2023020058,8480313,8.630361733885053
2023020059,8476434,-6.4244611922060315
2023020059,8479979,0.9021457278894687
2023020060,8477293,-11.44021387289088
2023020060,8478916,6.4017146825528
2023020061,8475852,8.537615911263899
2023020061,8480382,-9.844107253775036
2023020062,8476999,1.109488687333382
2023020062,8478039,6.551219895876244
2023020063,8474593,0.2134660219092268
2023020063,8477484,8.079272596883861
2023020064,8478009,4.855648198592547
2023020064,8481033,1.8189468431670548
2023020065,8476914,-8.009748043092273
2023020065,8478024,6.759613280510749
2023020066,8478872,5.974436699025809
2023020066,8480843,0.17212144863417222
2023020067,8473575,12.12080459153163
2023020067,8477480,-2.4985359023396185
2023020068,8475683,0.43846043852730787
2023020068,8479193,5.5950783879241754
2023020069,8474596,5.36248603342672
2023020069,8475311,-0.8906937086074436
2023020070,8477992,20.053750702087243
2023020070,8478492,-25.896374969976193
2023020071,8478499,-6.189510342476744
2023020071,8482821,-6.772854506124702
2023020072,8475809,9.30269016376893
2023020072,8481035,-6.426105813841218
2023020073,8478007,-1.81203858970148
2023020073,8479406,22.852547800369862
2023020074,8477424,6.329557671573234
2023020074,8478406,3.646701630977745
2023020075,8476412,2.856244184437294
2023020075,8477465,-8.324271875431123
2023020076,8480382,-3.588764515906277
2023020076,8481611,-7.003381645999767
2023020077,8476945,9.243655474162587
2023020077,8479973,-3.0877426390393765
2023020078,8471734,-7.4726132602541
2023020078,8475831,-2.3709186604160166
2023020079,8475660,-5.117879952726106
2023020079,8480280,5.032298581555551
2023020080,8473503,1.4653595195785059
2023020080,8478435,-1.115218040579208
2023020081,8476434,-3.8017159721890224
2023020081,8476999,3.5823415306591073
2023020082,8474596,8.867989160838398
2023020082,8477480,-2.4205217892354938
2023020083,8475311,-16.116895540069272
2023020083,8479361,10.787542334877493
2023020084,8478007,-1.8614167747496566
2023020084,8480843,8.643784757318215
2023020085,8476341,-14.684560832460761
2023020085,8480045,5.039957232074485
2023020086,8477992,6.315711060511049
2023020086,8481611,-6.370951762008353
2023020087,8477970,0.6100820085413261
2023020087,8480051,0.6792761653367592
2023020088,8477968,4.017614813871447
2023020088,8479979,8.932122113857254
2023020089,8476932,2.496389898772975
2023020089,8478406,5.336076365442615
2023020090,8478009,3.3905197014458963
2023020090,8480382,1.140587570211018
2023020091,8478024,7.815954009714744
2023020091,8478916,-2.1129019484255025
2023020092,8475852,14.268203453333705
2023020092,8480280,-3.8387521474300286
2023020093,8476412,-0.7456487845663773
2023020093,8476945,-6.726173277429368
2023020094,8475789,-1.2436517296590281
2023020094,8479406,-3.8591469748637124
2023020095,8477424,-4.810924021595568
2023020095,8477967,-10.22315948505097
2023020096,8474593,-8.484485002733436
2023020096,8478048,-3.4136850803414873
2023020097,8477831,-0.5983776165215957
2023020097,8478971,-20.232730806288643
2023020098,8479394,-0.18224007730745484
2023020098,8480313,-1.2864576703414912
2023020099,8481033,-21.558588238514915
2023020099,8482411,-10.788517047647737
2023020100,8476434,0.13907444612092945
2023020100,8476999,1.4597386414811737
2023020101,8475883,-1.3623727030460415
2023020101,8478916,16.192503788185277
2023020102,8473503,-1.057380743581355
2023020102,8476945,9.852768578468165
2023020103,8478007,-1.736135800371656
2023020103,8478470,5.794888320570124
2023020104,8479394,-0.07449185097497235
2023020104,8479406,2.150518271640607
2023020105,8477465,2.245388678558939
2023020105,8480382,-9.422081263519487
2023020106,8477992,-1.3481130677350137
2023020106,8478406,-10.286812690858483
2023020107,8476914,8.154901515820384
2023020107,8478009,16.055636583199295
2023020108,8475809,-8.798400251387825
2023020108,8479361,4.1565258854204075
2023020109,8474593,7.346084703696903
2023020109,8480981,-0.1681238465708077
2023020110,8471734,1.1288738562315856
2023020110,8479973,3.0519060831956963
2023020111,8475852,-8.508524148529787
2023020111,8478499,-6.16522024650417
2023020112,8477293,-4.755365997377218
2023020112,8478039,9.56171903110377
2023020113,8477480,-12.581746412557983
2023020113,8477970,-3.7730689171942657
2023020114,8470594,4.889552047553465
2023020114,8475311,12.797575568967694
2023020115,8477831,-21.77476365913494
2023020115,8478872,9.565691257767995
2023020116,8476412,3.685741882057087
2023020116,8477967,-3.393569653933014
2023020117,8480843,-1.2606901630961005
2023020117,8481035,-8.358020544299528
2023020118,8475683,5.503944084342727
2023020118,8478916,6.393431429155854
2023020119,8478024,0.14917322973181513
2023020119,8480280,-2.474713941048833
2023020120,8473575,6.486550264589432
2023020120,8477484,5.411462216757435
2023020121,8474596,15.158366281857951
2023020121,8476316,-0.1091260446719744
2023020122,8477424,4.324208050484245
2023020122,8478492,-5.238395920862537
2023020123,8476914,12.713212067856823
2023020123,8477465,-23.242008358410665
2023020124,8478048,3.178349893861032
2023020124,8479193,-5.940420913061011
2023020125,8475660,0.9450783334561592
2023020125,8480313,10.049229634649969
2023020126,8480045,-5.387386724187728
2023020126,8480382,-2.2406279322337
2023020127,8470594,-2.263422315856104
2023020127,8477970,4.709487942479349
2023020128,8475311,5.248998430131699
2023020128,8478406,12.427149265929422
2023020129,8474593,0.23342659155231615
2023020129,8479973,-3.734131397442951
2023020130,8475683,-3.088815572228768
2023020130,8476999,8.589923231356195
2023020131,8475883,-0.4452822297019239
2023020131,8479394,1.9193462983099394
2023020132,8476434,-22.696227370836873
2023020132,8477465,-3.325733054302944
2023020133,8475831,8.007709109732687
2023020133,8477992,13.634636563225484
2023020134,8478009,5.7229130985703165
2023020134,8478024,10.420469959750875
2023020135,8476945,-3.4795522713556366
2023020135,8478048,-0.7985494369671642
2023020136,8478007,0.8536662700198434
2023020136,8479979,-5.614224802451602
2023020137,8478971,2.880160626324944
2023020137,8482821,-9.25725544384045
2023020138,8478470,-3.6741159896015816
2023020138,8478499,10.761007618626302
2023020139,8475660,0.3342197973458738
2023020139,8479361,-4.413979176686972
2023020140,8477967,0.6338098123992069
2023020140,8480947,-4.837507800454915
2023020141,8479394,-23.734439449548788
2023020141,8480045,10.762027726554102
2023020142,8474593,0.04908079610255811
2023020142,8479979,15.504778732912932
2023020143,8476412,-4.219011191911342
2023020143,8481031,2.2868978174302086
2023020144,8478872,-1.0746483566703802
2023020144,8480843,7.66569042523296
2023020145,8478492,10.782924234332818
2023020145,8480280,4.852501432155016
2023020146,8477035,-2.4612893244723253
2023020146,8478007,0.453142997170346
2023020147,8473503,-2.47970679507128
2023020147,8475683,-3.4395798595040787
2023020148,8475883,-2.295189237024907
2023020148,8478048,-1.4592483960967044
2023020149,8475660,-5.140598234402383
2023020149,8476914,7.867019557100619
2023020150,8473575,4.254237831994139
2023020150,8475311,-8.563080144076707
2023020151,8477970,-5.026284703967775
2023020151,8479406,4.624227879244167
2023020152,8475809,17.287876146101674
2023020152,8479973,-3.5768465734229338
2023020153,8474596,7.451280186593614
2023020153,8478971,1.3719568523265195
2023020154,8475831,6.399337990075487
2023020154,8477424,0.9828816370027766
2023020155,8476945,-5.206612590992158
2023020155,8480313,1.6519247195754403
2023020156,8477967,5.372235216210427
2023020156,8478039,-12.410555396140488
2023020157,8480045,-12.663456834780476
2023020157,8481035,-4.845352418441337
2023020158,8476412,5.091016767993814
2023020158,8481033,6.3041481650455395
2023020159,8475789,2.7498439192661763
2023020159,8480947,3.8738359352610203
2023020160,8476945,-2.8721820886923553
2023020160,8478872,-5.929138206031695
2023020161,8476999,8.821588915424265
2023020161,8478024,-0.9225950154592155
2023020162,8476914,-8.843584241996282
2023020162,8477992,-5.11584613160845
2023020163,8475660,-2.8262206033208557
2023020163,8477361,-1.1858070489320482
2023020164,8478470,4.0417602896581855
2023020164,8480981,3.5304718919073963
2023020165,8479361,8.213326024627143
2023020165,8482221,-4.520971550424065
2023020166,8478007,-2.3895421237936887
2023020166,8479292,7.22541604108541
2023020167,8477293,-4.347969844996584
2023020167,8478009,15.548517073598326
2023020168,8475852,10.298386978749562
2023020168,8476932,-4.600167569305633
2023020169,8471734,7.5113714676811725
2023020169,8479406,-25.120026741220798
2023020170,8475831,-1.9275619572054907
2023020170,8478435,-8.282970599069863
2023020171,8477465,-0.24474334636768447
2023020171,8478406,-16.429369697975787
2023020172,8477967,0.5395531835874365
2023020172,8479979,-0.5574065218538067
2023020173,8478499,12.053203165218271
2023020173,8480382,0.19746472810060567
2023020174,8477970,6.672218768984578
2023020174,8482821,9.868049004990837
2023020175,8476434,3.653782725933816
2023020175,8480313,-6.692774856968974
2023020176,8475683,-7.913999107038379
2023020176,8478007,-20.694140630106787
2023020177,8477992,-0.45841832241916336
2023020177,8478492,-18.54856124608876
2023020178,8479979,-1.6616640445911983
2023020178,8480280,9.280032302780477
2023020179,8477967,11.743401731443967
2023020179,8479973,5.226003147185509
2023020180,8477293,-7.25850074579013
2023020180,8480045,-3.1814609596698205
2023020181,8474596,-21.74272235578296
2023020181,8477035,-3.5309745873817917
2023020182,8470594,1.121115227154597
2023020182,8473575,-1.1568987536639597
2023020183,8471734,0.5884716917171531
2023020183,8478024,1.301731312598882
2023020184,8476412,4.5902527344323545
2023020184,8476945,-5.482758392857512
2023020185,8478916,-0.39987243334782363
2023020185,8478971,9.363957786528005
2023020186,8474593,-9.431452728752745
2023020186,8477424,7.428114589187224
2023020187,8476434,5.910766560609453
2023020187,8477465,-5.685987125442935
2023020188,8477970,-1.6959321526296094
2023020188,8480382,-8.069099915666428
2023020189,8478406,12.596473811540925
2023020189,8481035,-7.494022393048141
2023020190,8476914,-1.5815408648604503
2023020190,8479361,-4.116743679110073
2023020191,8475311,-7.370317600165912
2023020191,8475683,-2.5095705842917795
2023020192,8475660,10.682125557650537
2023020192,8478499,2.006948019807645
2023020193,8476999,1.2838196990711666
2023020193,8478009,2.4548210863477493
2023020194,8477484,-0.38953161699048167
2023020194,8479979,0.4216767705962994
2023020195,8473503,-2.8327948446316356
2023020195,8480051,1.1482472084457171
2023020196,8470594,-1.6935696311512984
2023020196,8475839,-3.1766653541418677
2023020197,8476341,-14.247076051668628
2023020197,8479193,-0.8841147712012045
2023020198,8475852,3.1410759340324503
2023020198,8477992,-1.3842959934766768
2023020199,8478872,5.7984187106845155
2023020199,8480981,-5.1424214773242625
2023020200,8476316,-5.649426607271742
2023020200,8477424,3.693124994660046
2023020201,8475831,-4.813411431602887
2023020201,8481031,-7.698876205123952
2023020202,8476433,6.347344394859377
2023020202,8477831,-12.11269774213335
2023020203,8478406,10.776359011201528
2023020203,8479973,-9.796291214077186
2023020204,8479406,-3.8181926184053125
2023020204,8482221,5.875366885126873
2023020205,8475683,1.7040718950458285
2023020205,8477293,1.9637226932782355
2023020206,8477970,-24.385417301829634
2023020206,8479292,-2.9970857924412826
2023020207,8478435,4.043389396701571
2023020207,8479361,-3.1004048675804086
2023020208,8480843,3.372507859819187
2023020208,8481035,10.158637239533313
2023020209,8478039,8.465229706924987
2023020209,8478499,-4.294549476447713
2023020210,8477484,-2.2878287243156663
2023020210,8478024,-7.498279292021607
2023020211,8475809,3.4485058310682035
2023020211,8476945,-1.0940807065804492
2023020212,8478470,-0.15839746079954153
2023020212,8480280,-2.921255833500723
2023020213,8476914,-3.832708672145884
2023020213,8481692,6.315076381715578
2023020214,8477992,0.4502879106710225
2023020214,8481611,-5.242527458472956
2023020215,8477967,-12.038504194163963
2023020215,8478492,5.482014970754626
2023020216,8473575,-3.8838741811295137
2023020216,8482411,9.20636325950997
2023020217,8477465,9.953974429076105
2023020217,8480045,6.860069114274893
2023020218,8477424,-6.620598934088882
2023020218,8478971,11.164779577041969
2023020219,8476412,8.609442191163296
2023020219,8480382,-2.4631814429470893
2023020220,8475831,-16.210014832025884
2023020220,8479973,-9.023393017753854
2023020221,8475660,-4.379842945056538
2023020221,8477361,8.607877035875894
2023020222,8475683,-1.3767968969570106
2023020222,8482821,-0.09835199217887691
2023020223,8470594,2.5591377564576376
2023020223,8479979,-4.6368708355711235
2023020224,8474596,6.7673888862830225
2023020224,8479193,3.1157346208404775
2023020225,8471734,-1.8462872670536896
2023020225,8478007,11.99893475502887
2023020226,8476434,0.4401272392043367
2023020226,8478406,15.320603855617883
2023020227,8478009,-1.82171930142119
2023020227,8479973,5.3946264175615894
2023020228,8478916,-1.3722103528651814
2023020228,8480382,-7.608760199278208
2023020229,8476999,5.255843420079863
2023020229,8482221,-12.82797939627585
2023020230,8477465,0.2177062519826478
2023020230,8478007,7.71677466749032
2023020231,8474593,7.501279117035736
2023020231,8478470,0.14646433603059705
2023020232,8479292,9.202261879637284
2023020232,8480313,0.4701172362894468
2023020233,8478872,4.766338467149616
2023020233,8479979,-2.2101470957369855
2023020234,8476434,2.082743302640928
2023020234,8477424,-8.874144171127263
2023020235,8476412,2.6843046846279037
2023020235,8477992,-0.6793966727153418
2023020236,8476945,4.947380868348695
2023020236,8481033,-1.5387491351814333
2023020237,8476932,-5.379440852249097
2023020237,8478406,-1.8400787590601837
2023020238,8479394,3.7546971679640535
2023020238,8481611,-5.656202427705317
2023020239,8478916,-1.8514158532974392
2023020239,8479973,6.111125617811503
2023020240,8480382,-10.203450109552854
2023020240,8480843,1.6610019246998746
2023020241,8477967,3.0431676532668703
2023020241,8478009,13.191592230472061
2023020242,8473503,0.32567338456129136
2023020242,8476914,11.505762832798773
2023020243,8478007,4.270754133026557
2023020243,8478971,12.090136311082446
2023020244,8478499,-4.282591690882995
2023020244,8480051,10.142970383912598
2023020245,8477465,-1.7178762801048677
2023020245,8477970,-7.033785246762342
2023020246,8475852,1.6657495370305426
2023020246,8477992,-13.29062743688823
2023020247,8474593,-5.712908321853611
2023020247,8479193,8.189882046699239
2023020248,8473575,3.0811777021485156
2023020248,8475831,-6.087268797651802
2023020249,8475660,1.9874666538691912
2023020249,8475683,-1.675789214094749
2023020250,8478039,19.987497151421472
2023020250,8480981,-6.662048602336853
2023020251,8478492,0.9638937044911273
2023020251,8479312,-2.1945141705308018
2023020252,8476945,0.231396128683393
2023020252,8477480,-12.138822927750013
2023020253,8476434,3.9557261891384456
2023020253,8476932,8.552650923335037
2023020254,8476341,-2.426461024012035
2023020254,8479406,0.4867115314927233
2023020255,8479394,1.549956048024768
2023020255,8480313,6.956977793583022
2023020256,8480947,4.585918835287785
2023020256,8482821,0.685995089451545
2023020257,8477992,8.813631502358092
2023020257,8479973,-8.865811022232528
2023020258,8474596,11.816238317410736
2023020258,8480280,-6.306347606260502
2023020259,8477293,-0.4455457909129663
2023020259,8477465,2.428157103508582
2023020260,8474593,3.1376866397906866
2023020260,8478009,7.020721081112171
2023020261,8477970,4.71397260016812
2023020261,8478048,5.025546633871443
2023020262,8476316,-8.442722080761413
2023020262,8478872,-7.097219738207727
2023020263,8478007,-4.410894157239866
2023020263,8479292,6.151165614971468
2023020264,8479979,2.9846519790713444
2023020264,8480382,-1.6316945877839544
2023020265,8475831,-4.054704318004418
2023020265,8477967,-4.021224465609691
2023020266,8475660,4.12839564065699
2023020266,8476412,-1.0503180985452332
2023020267,8470594,-7.78017130656653
2023020267,8479361,5.936892570780799
2023020268,8477484,-5.211607721370939
2023020268,8481035,-5.692258330133271
2023020269,8477968,12.996190831216303
2023020269,8478499,0.4315642313802073
2023020270,8475852,-8.971415309617413
2023020270,8480045,-1.0352126916058566
2023020271,8476434,1.6955703142705332
2023020271,8480981,5.188481430212079
2023020272,8475683,-3.7593835395415596
2023020272,8475717,-0.5845011851483335
2023020273,8477992,-3.2690054303980105
2023020273,8480280,14.807533889300416
2023020274,8475809,3.1508990992255903
2023020274,8478048,3.1950033391785553
2023020275,8477424,-2.824869070744697
2023020275,8480382,-0.23788442620249128
2023020276,8477831,5.613479779960315
2023020276,8478971,-6.32473880435257
2023020277,8475831,-21.358727092679302
2023020277,8478435,3.85301881679127
2023020278,8477967,2.207288208342625
2023020278,8478406,8.308645732095414
2023020279,8477293,-20.55436449428837
2023020279,8479973,-19.50484732577832
2023020280,8475852,-14.310707020822981
2023020280,8478007,8.406670700749189
2023020281,8477970,-1.8342873418422627
2023020281,8479312,-10.94351835065521
2023020282,8475683,-4.84998422521349
2023020282,8476999,-2.1647412891616895
2023020283,8471734,5.004166320779035
2023020283,8477465,8.254862565396998
2023020284,8476945,3.245977664354484
2023020284,8477992,1.9584217619166324
2023020285,8475311,-1.7809414908180443
2023020285,8482221,0.42596024469104066
2023020286,8478009,6.648696052372834
2023020286,8479394,-4.398644582389537
2023020287,8476412,-17.47109525660253
2023020287,8478872,-20.459801575095447
2023020288,8474593,15.348182716512113
2023020288,8477424,-4.233615590914212
2023020289,8478499,3.3951477886341124
2023020289,8479979,-3.2469315490427846
2023020290,8476434,-4.215310192932883
2023020290,8478470,4.194071387491377
2023020291,8477967,-9.444298292016583
2023020291,8480382,0.9466139061769852
2023020292,8478039,-13.435105730445464
2023020292,8478916,-11.076808135252264
2023020293,8478024,-1.0205713503760236
2023020293,8480280,-2.5048505201263325
2023020294,8478048,8.93016524473169
2023020294,8479394,-10.498573356449242
2023020295,8478492,5.6142474632253965
2023020295,8482821,5.323805577157877
2023020296,8478007,9.287707957553103
2023020296,8481033,-1.1107259627169057
2023020297,8480947,10.055417641371825
2023020297,8480981,-15.591285995903426
2023020298,8479292,0.5823178141262417
2023020298,8479973,-1.020005789387774
2023020299,8475660,3.9674670787051554
2023020299,8476434,-2.7698454162393134
2023020300,8478406,-5.121790833847207
2023020300,8480051,6.730669583306479
2023020301,8477968,4.390776272669399
2023020301,8480045,3.740086356780317
2023020302,8473575,-1.7974818926201763
2023020302,8476341,-5.210959003313299
2023020303,8476883,-5.937041923402525
2023020303,8477293,-20.62320021676294
2023020304,8475683,0.9820715978418022
2023020304,8476945,4.741593814881881
2023020305,8474593,-2.314026957033512
2023020305,8479979,-7.917384614355136
2023020306,8479406,-6.677896517650417
2023020306,8480382,-8.174850677648656
2023020307,8477967,-2.892156444846222
2023020307,8478916,-3.4026925553164133
2023020308,8471734,0.6117457892439617
2023020308,8476999,6.639266789517123
2023020309,8474596,-1.7069496334742098
2023020309,8477831,-7.8475982711885095
2023020310,8477480,-14.124812288439507
2023020310,8477970,-16.114828477826315
2023020311,8477465,2.3125253756657855
2023020311,8479361,4.228006731632512
2023020312,8478009,11.988759764040992
2023020312,8481035,-0.8829462180579668
2023020313,8478435,-6.652120771193587
2023020313,8481031,2.0629288269845176
2023020314,8478039,3.5367748353795108
2023020314,8479193,-6.5643357453737465
2023020315,8478971,6.561186670703968
2023020315,8480313,-9.99556983121527
2023020316,8479312,10.499439104283944
2023020316,8479406,-7.0792564343679345
2023020317,8476412,6.456458967352866
2023020317,8482821,-2.0706592689708643
2023020318,8478007,11.285945126953536
2023020318,8481611,-5.033986357547583
2023020319,8476316,-2.875605808747096
2023020319,8477424,4.632148064775919
2023020320,8479973,-3.6403156794572524
2023020320,8480843,-21.378114191047935
2023020321,8477484,4.177501420603875
2023020321,8480280,-9.658239926641464
2023020322,8478048,7.5102897993681665
2023020322,8480045,-1.3455860039821559
2023020323,8475683,-8.927709583971307
2023020323,8476914,2.912440273218138
2023020324,8476883,-9.090756088830055
2023020324,8480382,10.88356200010709
2023020325,8478435,1.076119076480758
2023020325,8478499,5.497654829798982
2023020326,8475311,-3.4954198297557255
2023020326,8478406,6.550155537793387
2023020327,8477970,-12.200063779701075
2023020327,8478009,-0.05126587059638865
2023020328,8479394,5.608930123185111
2023020328,8481611,2.5400568871812084
2023020329,8476932,1.6399343063477687
2023020329,8479361,9.072766187499141
2023020330,8476412,7.4511778466803165
2023020330,8479406,-2.2877632328424866
2023020331,8477424,0.3411873349519894
2023020331,8477465,-4.5363443472262475
2023020332,8476945,-7.617071994387672
2023020332,8479979,-0.24113506081431524
2023020333,8475831,-5.193524604404374
2023020333,8475852,7.375062294822619
2023020334,8477992,-1.3932770247533384
2023020334,8478971,1.3386582328427394
2023020335,8479973,-3.1017301128782435
2023020335,8480313,1.1688745876712403
2023020336,8476434,-4.0331870269075125
2023020336,8477967,4.507417371143774
2023020337,8478007,0.04682547456957309
2023020337,8478470,-0.9880829893748242
2023020338,8478024,12.609146300288785
2023020338,8478048,0.40361027971911767
2023020339,8475660,-13.076145601503491
2023020339,8479292,11.865739381389645
2023020340,8478406,7.21710553379576
2023020340,8480280,1.810085761751914
2023020341,8473575,11.588502605701152
2023020341,8481611,-14.666570963168887
2023020342,8475852,0.5569031053347473
2023020342,8479312,9.350027660610444
2023020343,8475683,-5.065917249720833
2023020343,8480051,-5.558442955846978
2023020344,8479394,3.8656254609160356
2023020344,8481033,17.66504426534258
2023020345,8476883,-3.376298996213592
2023020345,8477465,11.4239649260589
2023020346,8475831,-3.0364567919543646
2023020346,8479361,11.192719580516929
2023020347,8477424,-16.20379862549536
2023020347,8479406,-0.6186469895364155
2023020348,8476412,15.222408713161855
2023020348,8480045,-10.72063046571835
2023020349,8476945,7.566965580480918
2023020349,8479973,-1.4928032227341177
2023020350,8478971,-0.37361135588860606
2023020350,8480382,3.636468445327395
2023020351,8474593,-12.277089205669448
2023020351,8475809,3.7957992123398796
2023020352,8475311,2.7842174571236242
2023020352,8476434,-5.824176368775731
2023020353,8477967,13.799466765864281
2023020353,8478499,-10.2496664422708
2023020354,8476914,-7.8682716656790745
2023020354,8478007,10.485837222339
2023020355,8478039,16.30297452872444
2023020355,8481033,-12.484551735801048
2023020356,8476883,-7.583147660750342
2023020356,8479979,3.912088533334284
2023020357,8476945,-4.556537696671619
2023020357,8482821,-2.364159834364763
2023020358,8478048,10.715709726899398
2023020358,8480947,-5.514046130686012
2023020359,8476932,-3.55213970843576
2023020359,8478009,11.651257312437195
2023020360,8477480,3.236808780110678
2023020360,8481611,-5.436817638936446
2023020361,8474596,2.705118749566303
2023020361,8478024,-0.005037146026275252
2023020362,8476341,13.015460997787102
2023020362,8478916,-1.9581878510322497
2023020363,8477465,2.6993066966797556
2023020363,8481035,1.3983002878848438
2023020364,8476999,7.879570426202655
2023020364,8479361,5.991478512939679
2023020365,8478971,4.385140878121803
2023020365,8480981,-7.518953110640211
2023020366,8476434,4.341086375837591
2023020366,8481031,8.381056223677795
2023020367,8474593,-7.202372403329392
2023020367,8477967,-6.191784613218459
2023020368,8475311,6.388013154086771
2023020368,8480313,-5.148752817984587
2023020369,8470594,3.36903151217809
2023020369,8475852,2.254190256556818
2023020370,8471734,-1.2884700926950572
2023020370,8478406,3.917786894278173
2023020371,8477484,-2.2367660477735996
2023020371,8480280,-2.4451110776952945
2023020372,8477424,6.5265761770154285
2023020372,8480045,0.4646609811381026
2023020373,8475660,-6.98711190743991
2023020373,8480382,8.027271394117172
2023020374,8477968,3.556477755705515
2023020374,8479394,2.673316263858972
2023020375,8476883,-1.2712934529568827
2023020375,8479979,-8.971320879947676
2023020376,8475831,0.7845741608840413
2023020376,8478470,3.7306171272915236
2023020377,8476316,15.178546852396202
2023020377,8477293,-6.04157819306392
2023020378,8475311,-23.0893262741224
2023020378,8478971,-0.8130339826373643
2023020379,8476412,6.630950318807372
2023020379,8480313,-0.041006260573354325
2023020380,8477480,-2.979882313768833
2023020380,8479312,1.847033600274699
2023020381,8477831,-0.16082971645045774
2023020381,8478007,7.534095373661586
2023020382,8476341,6.891008769362699
2023020382,8478048,1.9628055611253572
2023020383,8478009,6.594856659634324
2023020383,8478039,8.283978359413425
2023020384,8477424,-0.16371543578514292
2023020384,8482821,0.8523781408678062
2023020385,8478435,-12.947327555440665
2023020385,8479406,-0.9868071128433655
2023020386,8476434,-2.280397178022156
2023020386,8480382,5.660356094880569
2023020387,8477967,-3.467143369050838
2023020387,8477970,1.9354171981946422
2023020388,8475683,3.0264995066563785
2023020388,8479979,-4.081792113487047
2023020389,8476883,-4.769135461147073
2023020389,8477465,-4.448896927626379
2023020390,8476412,16.737126682230553
2023020390,8480313,-0.1692710991592037
2023020391,8479973,11.135004024514153
2023020391,8481611,-23.816690688772084
2023020392,8476999,4.835531155925537
2023020392,8482221,4.618087815583102
2023020393,8478024,5.16015241208197
2023020393,8478406,-10.718761860247817
2023020394,8475660,-1.5185299862566666
2023020394,8478470,9.996073068612276
2023020395,8476341,-11.498070105146766
2023020395,8479361,-0.4189900712279595
2023020396,8475809,-3.3680054250396125
2023020396,8479292,8.435561512187427
2023020397,8473575,5.8835867243542594
2023020397,8477484,2.643744258527235
2023020398,8477424,3.889048043572714
2023020398,8477992,-0.8760895234191892
2023020399,8475852,11.925848127329267
2023020399,8480843,-1.4519146616667982
2023020400,8478971,-6.317893796506247
2023020400,8479394,-0.14664884707134718
2023020401,8481611,-2.3568242391102743
2023020401,8481692,1.9204106932004166
2023020402,8476945,4.258181379355541
2023020402,8480382,-2.975384971434721
2023020403,8475831,-12.34672357956616
2023020403,8481033,10.402659492726322
2023020404,8479193,-0.6399005865687215
2023020404,8479406,-11.329022178051552
2023020405,8480981,-9.064497964217885
2023020405,8482982,15.330081669658128
2023020406,8475683,-3.3559766184046183
2023020406,8477465,-0.27822877635713184
2023020407,8470594,7.605365414500476
2023020407,8479973,-9.568445905790192
2023020408,8476999,4.657236977096986
2023020408,8478971,-3.8755796662646276
2023020409,8477970,-4.813921053631773
2023020409,8481692,-1.3565716635008727
2023020410,8479979,-5.797194320638205
2023020410,8480313,-7.543627879758894
2023020411,8480051,18.743291182122846
2023020411,8482221,3.366245614889891
2023020412,8476914,2.9785561886793275
2023020412,8479312,-7.68233079150037
2023020413,8478492,-8.28472055838916
2023020413,8480947,3.5959567539848365
2023020414,8478048,-0.8278947870076436
2023020414,8479292,4.8568338648011675
2023020415,8475660,0.3765438763719473
2023020415,8478009,4.843843462793608
2023020416,8475852,11.624314700466783
2023020416,8476412,-3.2998887231875997
2023020417,8479394,8.020491190617001
2023020417,8481031,2.2569963765496226
2023020418,8475831,-4.453556323612915
2023020418,8476883,-1.021513995522831
2023020419,8477293,-4.585216191692595
2023020419,8477967,-6.165408183002761
2023020420,8476932,-9.11509420141924
2023020420,8482982,0.7001118137113735
2023020421,8475717,-2.9762625631983894
2023020421,8481033,-3.2098157447958044
2023020422,8475311,7.283831750886755
2023020422,8482821,-2.088069130392796
2023020423,8474596,3.8318032932380746
2023020423,8477424,9.653774514574891
2023020424,8471734,-1.5286640499370208
2023020424,8477831,-2.774480230433717
2023020425,8476434,-1.0410387774477883
2023020425,8476945,-1.5461021067236373
2023020426,8478916,-3.1711668651374296
2023020426,8479406,-3.0993355589228315
2023020427,8478039,-3.8908452543814533
2023020427,8480238,9.924862466691081
2023020428,8478872,3.9562053140017213
2023020428,8482221,-4.291985052224874
2023020429,8478009,7.087038179714014
2023020429,8478492,-2.120124841804774
2023020430,8473503,2.1086622573046228
2023020430,8479979,1.1862152878874141
2023020431,8478435,4.1783260265981355
2023020431,8480382,-11.803462188801127
2023020432,8474889,1.516954534560682
2023020432,8478048,-6.452507578174298
2023020433,8476914,-3.5462012598808386
2023020433,8481611,3.609345470363685
2023020434,8477465,-7.341407602545274
2023020434,8478971,9.345069723978924
2023020435,8477424,9.007637553550815
2023020435,8481035,-5.899560203702322
2023020436,8476412,-0.4272147451253048
2023020436,8478024,6.154227225955566
2023020437,8475852,-4.015655373467979
2023020437,8479973,-2.649994917094702
2023020438,8475683,-7.950498744601333
2023020438,8478916,-4.57059282591203
2023020439,8476883,-7.851853963077218
2023020439,8477967,0.45318640986993586
2023020440,8480313,-0.34199915528151337
2023020440,8481692,8.162243219977285
2023020441,8476316,5.328306499730154
2023020441,8478406,9.341898285243644
2023020442,8477968,11.726447611227762
2023020442,8478470,-2.079956655002242
2023020443,8477970,-3.790012244279339
2023020443,8480280,5.079977007972268
2023020444,8473575,-5.1335504125522675
2023020444,8476434,1.8719714490692212
2023020445,8480045,-4.923315131235526
2023020445,8481031,1.2533128014387884
2023020446,8475660,-1.3959905358229605
2023020446,8476945,5.454411980867995
2023020447,8478024,10.345816882325309
2023020447,8481611,0.013865822372480352
2023020448,8479292,1.8174132281399338
2023020448,8481035,1.7218328718112588
2023020449,8478007,13.385716059902833
2023020449,8478492,3.278228855305123
2023020450,8478435,3.1308385233204135
2023020450,8479406,6.593208618136153
2023020451,8476412,2.5502999103701853
2023020451,8476914,-1.6418861789472672
2023020452,8476883,24.19063713200086
2023020452,8479973,-10.055300998871253
2023020453,8478916,-3.1974999655265677
2023020453,8482821,-9.697982673979261
2023020454,8475683,-12.510889632167235
2023020454,8477967,6.8027292673428335
2023020455,8477293,-0.6549013926751854
2023020455,8480947,-1.6206362071889515
2023020456,8471734,3.9882949875725586
2023020456,8480843,7.058143927335273
2023020457,8476999,5.026759537663779
2023020457,8478009,1.6533981017928667
2023020458,8476341,-7.8346853263978105
2023020458,8479979,-28.8492781972704
2023020459,8478039,-2.6472112243409214
2023020459,8478971,-4.624043371153569
2023020460,8480313,-4.797192694103899
2023020460,8482221,6.93013330592661
2023020461,8479193,1.9366374935227455
2023020461,8479406,9.590565050785976
2023020462,8478048,-6.282120848501741
2023020462,8480280,5.559602707390731
2023020463,8480193,-4.22851786585759
2023020463,8481033,-2.340950292030122
2023020464,8473575,8.474460115585487
2023020464,8478470,1.4420989738593093
2023020465,8479312,-12.56227596092969
2023020465,8481035,7.154194717871356
2023020466,8474889,10.19943859702719
2023020466,8477465,-19.53417785175413
2023020467,8476945,1.5521227949687244
2023020467,8481031,-6.811582069427814
2023020468,8477424,-4.928367620119424
2023020468,8479292,-5.248866666045636
2023020469,8475809,2.222271879947783
2023020469,8476412,-6.924009647588491
2023020470,8478872,0.6139476480827284
2023020470,8480045,-5.879550375295544
2023020471,8476883,-6.771681897992941
2023020471,8478435,4.496680272365104
2023020472,8475683,9.056470577386015
2023020472,8475717,5.437481562244187
2023020473,8475660,-8.65834391263165
2023020473,8478916,10.408664941542014
2023020474,8475852,-2.35733016234434
2023020474,8477967,0.608443571988559
2023020475,8475311,1.1292707401715205
2023020475,8481611,-4.604786895645432
2023020476,8476434,-10.836575741902841
2023020476,8481033,-1.80386310147734
2023020477,8478406,-4.490142175824687
2023020477,8480382,-0.0717490099823479
2023020478,8476914,-1.1893198207580724
2023020478,8478499,-27.892023105412093
2023020479,8478024,-18.672654663541458
2023020479,8480843,2.1519191310525585
2023020480,8477968,-3.8044810369980837
2023020480,8479406,-1.7090105494709462
2023020481,8474596,3.4038734442261784
2023020481,8476945,-3.775872940701767
2023020482,8475809,9.375948196275601
2023020482,8478916,-1.6547585772158655
2023020483,8474593,4.59679859836281
2023020483,8476932,-6.126780949218016
2023020484,8470594,13.076589415377839
2023020484,8476999,-1.5151504879084428
2023020485,8480193,-2.0104151096086866
2023020485,8482221,-11.13471843685069
2023020486,8480313,-4.9784898029219065
2023020486,8481611,4.715325646252971
2023020487,8477970,-4.229393361800632
2023020487,8481035,-3.0037351831479526
2023020488,8476412,-10.344449159191932
2023020488,8476883,0.9443381369663868
2023020489,8474889,4.74801791249309
2023020489,8478048,1.1187615977948084
2023020490,8478009,-0.23387666132372686
2023020490,8479973,-9.189494805409993
2023020491,8477424,-7.252641594340943
2023020491,8479193,0.9680185516874857
2023020492,8475852,6.714009553551406
2023020492,8480382,-6.053698888166487
2023020493,8476914,7.862699861951796
2023020493,8478971,-28.15723962658511
2023020494,8478039,6.836972128003907
2023020494,8479496,-9.608880581177743
2023020495,8473503,9.951059437655793
2023020495,8476316,-0.07396790600137848
2023020496,8473575,6.418528734805001
2023020496,8475311,2.5680022637391744
2023020497,8475660,3.8691725063942215
2023020497,8478916,15.378586006637278
2023020498,8478492,-12.469740673323706
2023020498,8482221,-4.707664534604284
2023020499,8478007,2.4685772074389405
2023020499,8479292,8.068734094924963
2023020500,8475683,-5.9361249290348965
2023020500,8480981,9.301695046047904
2023020501,8475717,-3.580557545077397
2023020501,8481033,-25.22219855537582
2023020502,8477424,2.026037747115879
2023020502,8481035,2.7398894841047223
2023020503,8477968,-3.918281915019314
2023020503,8481611,-0.4123947734195639
2023020504,8476883,6.115047128237862
2023020504,8480238,3.5204955144973056
2023020505,8475809,-7.3009132980225
2023020505,8477967,5.893852887646489
2023020506,8478470,-6.141615947856025
2023020506,8479406,-3.742308408004263
2023020507,8476914,5.641995949157
2023020507,8480382,13.043613179318271
2023020508,8474593,1.139730764441289
2023020508,8480843,12.219414378140378
2023020509,8478406,0.6600110594909054
2023020509,8478872,4.165086772033511
2023020510,8473503,9.729243137212727
2023020510,8479394,5.22774607805534
2023020511,8471734,-5.597229148564772
2023020511,8479973,5.058110696635957
2023020512,8476945,-3.0833992205319802
2023020512,8480280,1.7287245700720035
2023020513,8475852,-3.8757137573716207
2023020513,8480051,-5.59177690987714
2023020514,8475683,-2.868036226606101
2023020514,8480238,8.960446250272646
2023020515,8475809,-6.752545905828448
2023020515,8477424,4.082691013507308
2023020516,8478009,8.37293928115131
2023020516,8481611,-2.7560189853132755
2023020517,8474889,0.44198539798378533
2023020517,8480193,-2.770754788315166
2023020518,8470594,-7.647392696335103
2023020518,8476999,5.560324708585895
2023020519,8474636,6.323887852645079
2023020519,8477970,-3.797696528275239
2023020520,8476341,1.8501567564794783
2023020520,8477968,-8.979321265943788
2023020521,8476883,6.774888381445763
2023020521,8479292,-8.2934240486694
2023020522,8478048,-1.2039369770769213
2023020522,8480045,2.9291833511532346
2023020523,8478916,7.292013516905094
2023020523,8480843,-6.791038627749252
2023020524,8476412,-10.493230597190973
2023020524,8482821,8.293708854918371
2023020525,8478971,-7.651056218463353
2023020525,8480382,-1.0598117746518767
2023020526,8474593,2.595117237409113
2023020526,8475660,1.968735705028891
2023020527,8477967,-3.85241758566778
2023020527,8478406,-6.898648341641291
2023020528,8477970,0.52338594924597
2023020528,8478007,3.5818642061879657
2023020529,8475311,-0.458204831690324
2023020529,8478048,-0.14543191418096058
2023020530,8475683,-0.28550306204650155
2023020530,8476883,-1.152561291083984
2023020531,8474889,-3.1573641319669647
2023020531,8476914,5.2041621372742455
2023020532,8480280,-3.639952835701777
2023020532,8482221,-4.929961811433003
2023020533,8477465,-5.664069545348276
2023020533,8478009,-10.201235928473594
2023020534,8473503,-2.7510552791300995
2023020534,8479406,-1.5633832498514622
2023020535,8477424,-13.992145965738835
2023020535,8481611,10.86840743641109
2023020536,8475809,0.5270461201233729
2023020536,8480981,12.544634926267314
2023020537,8478872,-9.321456662713501
2023020537,8480382,-2.9486135367688036
2023020538,8475852,10.235659034122584
2023020538,8476945,-1.6517071456725319
2023020539,8474593,-5.6525497125010205
2023020539,8476904,9.582362549919068
2023020540,8476434,3.6899200683277513
2023020540,8480313,-4.951041735387875
2023020541,8478039,9.664288416746942
2023020541,8479496,-0.08234957802626042
2023020542,8477293,-6.924071773681035
2023020542,8480051,-1.4916864869574127
2023020543,8479193,-6.045604187324116
2023020543,8481035,-7.284958526538674
2023020544,8475660,3.0707672287927394
2023020544,8480313,5.079707079281299
2023020545,8479973,0.4981761388639825
2023020545,8480992,-21.64373448069754
2023020546,8478007,-16.860253364032175
2023020546,8478492,-10.096977759946064
2023020547,8477424,-8.818997774124085
2023020547,8479312,8.151267922358358
2023020548,8471734,0.07457657748250313
2023020548,8475683,4.416270374744904
2023020549,8476914,-3.5722861550812723
2023020549,8482076,-3.3493784257814667
2023020550,8478009,-0.7661509529666617
2023020550,8479292,-23.956117432479516
2023020551,8475809,-0.32860522541873394
2023020551,8475852,2.8121561167124796
2023020552,8476412,-7.401983429804311
2023020552,8480382,1.7800035236427973
2023020553,8476434,3.6345447483626003
2023020553,8478971,1.8738227350921761
2023020554,8478916,0.9348747418502299
2023020554,8479394,2.261004490694255
2023020555,8476945,6.428060494105779
2023020555,8479406,-8.13489994591771
2023020556,8480045,-6.593250987077376
2023020556,8480193,10.64466309932861
2023020557,8476999,3.139642311073416
2023020557,8477970,-0.28102866121562187
2023020558,8474596,-8.395145472682316
2023020558,8476932,-8.74513714344112
2023020559,8477465,-1.1452824031265294
2023020559,8480981,-2.366799219685049
2023020560,8476883,-10.633110253758929
2023020560,8478048,6.129779602225014
2023020561,8474889,-1.9995285242987109
2023020561,8481611,-2.6790883874161793
2023020562,8482137,0.9189133942401497
2023020562,8482411,8.979393988181329
2023020563,8475660,-5.181888385276814
2023020563,8479973,-0.8691019305346472
2023020564,8470594,-0.9388325434607907
2023020564,8476316,-2.089081343043638
2023020565,8479312,-6.994632989644252
2023020565,8480280,1.4360591674388132
2023020566,8476341,16.402421578129633
2023020566,8482221,-2.093057505068458
2023020567,8477968,9.65993886280107
2023020567,8478009,5.344291500843056
2023020568,8477992,-0.7450906168629388
2023020568,8478470,-12.375941091237713
2023020569,8475717,3.3452018609188485
2023020569,8476434,1.9651822146669886
2023020570,8474593,2.1611789427980455
2023020570,8481035,1.0864861741355654
2023020571,8478039,2.000375998102733
2023020571,8480382,-14.705840232399936
2023020572,8475809,-2.1178570900981697
2023020572,8475852,-1.8776628367518384
2023020573,8478916,9.285900907390598
2023020573,8480313,-0.97069559452855
2023020574,8476999,0.9422497263231051
2023020574,8477484,-3.1851105284846852
2023020575,8478048,-6.139070526458788
2023020575,8481611,2.869276333438563
2023020576,8475311,3.5161560729193297
2023020576,8477465,-21.813210281253568
2023020577,8475809,-13.547255237890802
2023020577,8478470,2.565862368058802
2023020578,8470594,2.300335089999443
2023020578,8474593,2.5380263315290534
2023020579,8477424,-3.1914438660678854
2023020579,8482821,7.678198902782583
2023020580,8476883,-2.746247020147891
2023020580,8476945,4.161163177626932
2023020581,8475683,-3.802377498859073
2023020581,8478872,4.887901772440323
2023020582,8473575,-17.52833380041818
2023020582,8480382,-8.762723266710609
2023020583,8479394,1.5020494156841337
2023020583,8479973,8.815267257264637
2023020584,8476341,-17.3175513245522
2023020584,8477967,6.040579907836793
2023020585,8474889,3.2871829382523217
2023020585,8475660,-2.709238166671277
2023020586,8478039,-0.4328479051184928
2023020586,8479312,-0.6417396549952912
2023020587,8482076,-2.5346381442143766
2023020587,8482411,-4.2067499120377505
2023020588,8474889,1.6675670578972444
2023020588,8480843,26.156145126877746
2023020589,8477968,-2.2868412179362423
2023020589,8480280,0.08683005645370656
2023020590,8474596,3.097497018208763
2023020590,8482221,5.494710538417159
2023020591,8475852,1.9607668820444957
2023020591,8478048,-2.400201873383473
2023020592,8480193,13.247459845078644
2023020592,8481035,2.0366836536012443
2023020593,8475809,0.5489265660196452
2023020593,8480382,1.0712141118301304
2023020594,8470594,-1.8126161537351422
2023020594,8476883,-5.64422180154056
2023020595,8477424,-8.139743093954941
2023020595,8478435,4.342096546602107
2023020596,8476412,-0.7117661253444965
2023020596,8477967,2.7617850339195584
2023020597,8478009,0.9174308005128822
2023020597,8478971,-0.9443115288690649
2023020598,8476914,-1.2962074917872002
2023020598,8478916,3.9345624398002528
2023020599,8475683,-0.04402957568520094
2023020599,8480313,2.868486778383229
2023020600,8479312,13.02722720719872
2023020600,8479496,-1.321216888140711
2023020601,8476945,2.5004408232030286
2023020601,8478406,1.2897423760467817
2023020602,8477970,-1.118287152893167
2023020602,8482821,0.9323117434084978
2023020603,8475311,1.266979807749884
2023020603,8481611,-10.328772826685665
2023020604,8476316,11.890606750659842
2023020604,8476434,-3.491915651308034
2023020605,8474593,12.601787550127376
2023020605,8479394,-5.797401684764857
2023020606,8475683,-6.051654488498464
2023020606,8481031,-18.653746666077616
2023020607,8476883,-7.618686651483273
2023020607,8476999,-4.7409133729993655
2023020608,8476412,3.5481351131308756
2023020608,8477293,-4.0884339827314875
2023020609,8470594,1.314243952792637
2023020609,8480193,4.377328463843995
2023020610,8471734,0.348041006943987
2023020610,8478470,18.62920054383754
2023020611,8477967,-5.271724979046503
2023020611,8482076,11.649428108114527
2023020612,8477465,0.1876488656208224
2023020612,8480045,11.465784108216347
2023020613,8474889,-1.77741458317724
2023020613,8478406,-1.615600342533675
2023020614,8475809,-7.577905664549384
2023020614,8480947,-1.3027165902050726
2023020615,8476341,12.997153336132676
2023020615,8479973,0.6098378247662808
2023020616,8478009,-2.1869755714376495
2023020616,8480313,0.1919340107299803
2023020617,8475852,-0.9815312462207331
2023020617,8478435,-7.283136248958918
2023020618,8475311,10.536213936873807
2023020618,8475660,7.059732155279889
2023020619,8476945,-9.174662311926852
2023020619,8478872,3.7226993559774257
2023020620,8479312,3.511736816164543
2023020620,8480843,-1.6377937402756757
2023020621,8477967,12.304033977132995
2023020621,8478048,-5.584910162375309
2023020622,8477968,7.605539351591794
2023020622,8479394,6.528146343765492
2023020623,8470594,-11.08832423962491
2023020623,8483575,-4.541879750110738
2023020624,8480280,4.143942875108671
2023020624,8480382,-2.959311194005231
2023020625,8478916,7.83075058476971
2023020625,8482221,-3.5720454404502178
2023020626,8475660,-0.9808103568285134
2023020626,8476883,-7.706169742126015
2023020627,8474889,-2.624793438664895
2023020627,8478039,-14.133989670240425
2023020628,8478009,2.4231390511870075
2023020628,8479193,-8.85563804773927
2023020629,8477424,1.8571126309219892
2023020629,8480843,12.63066618913809
2023020630,8476932,2.5915833825863857
2023020630,8480981,-3.0177382803857284
2023020631,8476945,4.393344929018625
2023020631,8480193,-9.204704170856736
2023020632,8475852,-16.67878687562615
2023020632,8479973,1.5230561682796377
2023020633,8476999,7.957825337362948
2023020633,8478971,2.980615716807087
2023020634,8474593,2.193900146828298
2023020634,8476914,0.6125640076996461
2023020635,8480051,9.462941082417956
2023020635,8481035,-9.326534475618594
2023020636,8475809,-6.609989894403768
2023020636,8482661,0.6285439419677772
2023020637,8480238,2.9731634678001555
2023020637,8480382,-0.9809775538655927
2023020638,8476341,-21.513603832349908
2023020638,8480045,-3.210370838296363
2023020639,8476434,-8.35281786067523
2023020639,8481611,-14.549368712585142
2023020640,8475717,-9.783331178612478
2023020640,8479312,14.961307292290641
2023020641,8475660,9.776466131440586
2023020641,8475683,4.2470935867578135
2023020642,8478406,6.3606021012169265
2023020642,8478470,7.235545330410403
2023020643,8477967,2.843238366137413
2023020643,8477968,-20.265339388046748
2023020644,8476883,0.5326136017481957
2023020644,8477970,-10.7708438203004
2023020645,8475311,-5.708821972478134
2023020645,8478916,0.7739041497631334
2023020646,8474889,-0.39413192816189735
2023020646,8478009,2.343419715758415
2023020647,8476412,14.094777244293901
2023020647,8478048,-11.382884160939717
2023020648,8475852,-0.927276575810076
2023020648,8476316,-3.600130880886269
2023020649,8474593,7.897488744340919
2023020649,8478872,-21.691283749029175
2023020650,8480280,-3.186547293322704
2023020650,8480313,5.549577838444357
2023020651,8479979,6.60900666561183
2023020651,8480947,-7.519764192788614
2023020652,8470594,3.32026018613751
2023020652,8479394,-1.0594576376004454
2023020653,8471734,-7.456048634860828
2023020653,8479292,-1.1186531633570524
2023020654,8477967,0.6074937449257192
2023020654,8480045,-3.0465329409629547
2023020655,8476914,-10.472223022820174
2023020655,8478406,7.238264635434753
2023020656,8475683,-8.187278040116666
2023020656,8482076,6.741571621142214
2023020657,8477293,12.458755174293735
2023020657,8477465,6.449341873893751
2023020658,8478916,5.715700752666429
2023020658,8480193,4.030306848099073
2023020659,8475660,-3.1929905657098274
2023020659,8479312,6.295721653519813
2023020660,8478470,8.699643825484756
2023020660,8479973,-3.100431443531434
2023020661,8476883,-6.39401158765817
2023020661,8480843,7.7770535149688484
2023020662,8474889,-0.6324257551227674
2023020662,8480382,-2.7878396288511524
2023020663,8476945,6.114195710792302
2023020663,8481035,9.787680003814316
2023020664,8475809,-10.00436379922079
2023020664,8475852,0.70195877061375
2023020665,8478971,10.875806627296747
2023020665,8479406,-12.029405933401797
2023020666,8477424,-2.5394860155844157
2023020666,8478009,-0.8438061527961906
2023020667,8476412,4.404422234346818
2023020667,8480280,-6.691633196870015
2023020668,8474593,6.553891709501642
2023020668,8480313,-4.740824015902874
2023020669,8478048,-1.0805894862320287
2023020669,8479292,1.5374775926799984
2023020670,8473503,-0.26785233373968964
2023020670,8478492,-5.818221981559027
2023020671,8480280,4.558472700391938
2023020671,8482076,7.655174193624418
2023020672,8478039,4.603754386170756
2023020672,8480045,3.8853274128213897
2023020673,8478007,1.008933835741189
2023020673,8479193,14.991341429827997
2023020674,8476434,-1.2439254424036434
2023020674,8476932,-4.389681541033305
2023020675,8477293,-4.990043087810719
2023020675,8479496,4.695791939750251
2023020676,8470594,-5.155903245256496
2023020676,8478009,0.6572073463397388
2023020677,8477465,-2.8683432775776367
2023020677,8478916,1.1961514814205145
2023020678,8474596,4.086982635393376
2023020678,8480382,3.9129750283339675
2023020679,8479394,2.1463353832475747
2023020679,8480981,10.256641837224201
2023020680,8477424,0.2378556320477756
2023020680,8480313,8.512467299656969
2023020681,8476904,-9.052855924822744
2023020681,8478048,4.2766032375529335
2023020682,8481020,7.94386698626451
2023020682,8481544,-1.1046396729553578
2023020683,8475311,-1.011577246725473
2023020683,8476434,0.9686608686720888
2023020684,8475660,-2.7892937357239305
2023020684,8479979,4.25920633633811
2023020685,8476945,9.094250042567765
2023020685,8478009,12.912283012909107
2023020686,8475852,12.787220357770764
2023020686,8478406,-0.24484019819504965
2023020687,8478435,-1.296254920458054
2023020687,8478971,-2.3482171084697185
2023020688,8474889,-2.013511306076552
2023020688,8479973,-2.988620084784891
2023020689,8475683,1.0158598561588548
2023020689,8479312,2.604325246012891
2023020690,8478470,0.6948890165657744
2023020690,8482076,-4.104343990904134
2023020691,8480045,-4.973788340424328
2023020691,8482821,1.1924080931476055
2023020692,8480280,1.3604513448458988
2023020692,8480382,-0.8351316405547493
2023020693,8476914,-4.775431131324915
2023020693,8480051,1.5063370002535095
2023020694,8479979,9.913912147195497
2023020694,8481035,-10.933050249297025
2023020695,8476883,2.6496012850320554
2023020695,8479406,3.1190348374746364
2023020696,8476412,-4.674149019206119
2023020696,8479292,-7.877993337027149
2023020697,8474889,-5.160179318161916
2023020697,8478435,0.12186359506385003
2023020698,8478916,2.556854973889102
2023020698,8479973,0.12550499918103952
2023020699,8477424,5.218902792278712
2023020699,8479496,5.603823049163232
2023020700,8477967,-5.508743290834666
2023020700,8478971,-2.2098069377834264
2023020701,8478048,-4.2779965573925836
2023020701,8480313,2.077693760750691
2023020702,8477293,-14.049673325422184
2023020702,8479312,-1.1526431311352212
2023020703,8477970,3.6862642671920227
2023020703,8478007,1.7566108021448343
2023020704,8470594,-19.756863228926704
2023020704,8475683,-16.121574854088635
2023020705,8475852,0.1775366269441392
2023020705,8478009,-4.396114331427178
2023020706,8477992,0.0836825051762915
2023020706,8480045,-14.907413391522006
2023020707,8479394,-18.321438936283947
2023020707,8480382,7.78671196083026
2023020708,8477424,-3.978620270315595
2023020708,8478971,3.6859826151329074
2023020709,8476914,-0.6787178888291479
2023020709,8476945,5.825032982374964
2023020710,8476999,-9.543095323973894
2023020710,8478470,-6.2572447089620695
2023020711,8475809,2.271726270196524
2023020711,8482076,4.52670644557675
2023020712,8474889,-10.530277922534012
2023020712,8477967,12.813417150951707
2023020713,8476412,-9.526776326766772
2023020713,8479292,-0.4415877262410959
2023020714,8478435,0.2604639024289881
2023020714,8479973,-1.9916512262244197
2023020715,8476434,-12.186051175251691
2023020715,8478406,6.445926834361252
2023020716,8477465,0.2565302336075703
2023020716,8480313,-6.441228990903397
2023020717,8471734,-3.9805335260082657
2023020717,8479496,-4.957974278966631
2023020718,8481035,1.7817926796532078
2023020718,8481544,-3.9585635141946227
2023020719,8477293,-11.603222120046539
2023020719,8479406,13.716043365161134
2023020720,8476883,8.20903630292245
2023020720,8479312,-0.8151852575297767
2023020721,8475809,-1.8080260342519026
2023020721,8478009,14.154924542806775
2023020722,8478048,-9.127759015925157
2023020722,8480843,0.5911942668030932
2023020723,8478492,-8.861103589647037
2023020723,8478916,-5.71502906594673
2023020724,8476945,-9.880114318634234
2023020724,8480280,-7.713566444221939
2023020725,8477970,2.4501990510468517
2023020725,8480313,5.01311590369631
2023020726,8476932,-0.08795870583180232
2023020726,8477424,4.286345038326765
2023020727,8477465,-4.018154167935151
2023020727,8478971,-5.276197136373163
2023020728,8475852,1.4350914117267521
2023020728,8477967,6.684992581775688
2023020729,8478039,16.179770377353528
2023020729,8479496,-0.8279978015871592
2023020730,8479312,0.25561076996290666
2023020730,8479979,4.817011742813484
2023020731,8474596,-5.683630130041671
2023020731,8476914,-2.3363171024810043
2023020732,8476883,1.9686148249675526
2023020732,8481035,-11.95834309608096
2023020733,8478009,-2.48020232656728
2023020733,8478499,13.212498274429123
2023020734,8475311,-2.007545321163178
2023020734,8479406,3.1775262670103004
2023020735,8474593,-3.5169786135559065
2023020735,8476412,2.5371387971208534
2023020736,8478007,-10.221332847813464
2023020736,8479973,0.7202210178160513
2023020737,8476434,-1.3565212246460874
2023020737,8480045,6.605302401148059
2023020738,8478048,-6.319456095580556
2023020738,8478406,2.067452829733128
2023020739,8475683,6.39746688361511
2023020739,8478872,8.215233785027856
2023020740,8476316,0.18701866944314105
2023020740,8478492,4.690930303033305
2023020741,8476999,3.002842122714071
2023020741,8477484,0.7213099103978138
2023020742,8479292,-2.5920136443486896
2023020742,8480382,-3.125754542069906
2023020743,8478916,7.867822157277409
2023020743,8482821,-2.0903157496170834
2023020744,8479193,-12.118372727606243
2023020744,8480981,3.5259919216031435
2023020745,8475660,5.018720889773697
2023020745,8482221,9.936720437317739
2023020746,8477293,-2.2113839499082673
2023020746,8482076,-17.406421731381556
2023020747,8479312,2.7445041105786316
2023020747,8481035,-10.193713609965748
2023020748,8473575,-5.007204229215944
2023020748,8478470,15.576408665768149
2023020749,8476914,-5.808981883249153
2023020749,8480280,6.894778467378295
2023020750,8476883,-8.534183578559897
2023020750,8478971,2.703064355864292
2023020751,8476434,12.567779982720722
2023020751,8479979,-7.43576083011714
2023020752,8477424,-5.507344752249423
2023020752,8479406,-0.8824738260948237
2023020753,8474593,1.7171167728272536
2023020753,8480193,-1.055678412767847
2023020754,8475717,2.920472765225533
2023020754,8475852,1.700493772781762
2023020755,8478048,-10.289925368880475
2023020755,8478499,9.342988408359084
2023020756,8475683,6.150724257993126
2023020756,8477968,-0.7556832557491191
2023020757,8475660,-17.71662860307096
2023020757,8480382,-1.4501378125708584
2023020758,8476412,7.581725478522678
2023020758,8478916,-11.165919120835937
2023020760,8479292,3.376931612306251
2023020760,8479979,-2.326738386400635
2023020761,8479973,1.6134230371015619
2023020761,8480947,-12.178294534439253
2023020762,8478039,2.066975604437502
2023020762,8480045,-1.1145352404444964
2023020763,8477293,-13.70753826926525
2023020763,8478971,8.56253946231842
2023020764,8479312,2.1658024158933884
2023020764,8480313,-0.9916921598954005
2023020765,8471734,0.8354911544563208
2023020765,8476914,-13.804744711533559
2023020766,8474596,-0.07738042462948158
2023020766,8477465,-1.0306944284177817
2023020767,8476883,-6.355172173660492
2023020767,8477970,8.962838223109003
2023020768,8476945,-3.3568858006682447
2023020768,8478492,-2.2988968846710023
2023020769,8473575,3.6387177950710026
2023020769,8476932,-6.7349713380947875
2023020770,8479406,-3.73617912752578
2023020770,8480843,7.748302594677561
2023020771,8474593,8.281226825504383
2023020771,8475852,0.9758936294170937
2023020772,8477967,-1.5908934297976103
2023020772,8478007,3.0948954961924713
2023020773,8479496,3.579173884609638
2023020773,8480981,3.4534471394315034
2023020774,8478916,4.086669187214859
2023020774,8480193,-3.601706583361846
2023020775,8477424,2.102123253392712
2023020775,8481544,-18.401818569009848
2023020776,8476412,-5.31869228138148
2023020776,8478007,-5.364175310704212
2023020777,8478406,6.6633829931282165
2023020777,8478916,-4.550762433932292
2023020778,8476914,-1.8442501911755116
2023020778,8479312,-6.8421325265246224
2023020779,8477424,-6.105513811811257
2023020779,8479496,14.342758186761202
2023020780,8476434,1.3235940416375058
2023020780,8478039,5.387221562031165
2023020781,8471734,6.041711530482104
2023020781,8480382,0.46881043800077293
2023020782,8478009,4.196095914175544
2023020782,8478492,-1.2597681312449396
2023020783,8474593,-5.03213062878023
2023020783,8480280,-2.531126897361581
2023020784,8479979,18.97280023328421
2023020784,8480045,1.2141063563337298
2023020785,8477967,-4.711187804485803
2023020785,8481611,-8.329744960014544
2023020786,8476932,-4.30795873441302
2023020786,8481035,-8.26294250625589
2023020787,8477970,8.578467993074817
2023020787,8481020,-0.6830280986552282
2023020788,8476945,-5.257372273719334
2023020788,8477465,-3.8923823526850256
2023020789,8478470,9.248783942473388
2023020789,8479292,-20.35825191118063
2023020790,8478499,1.4407328914810833
2023020790,8479973,-1.671283346272702
2023020791,8471734,-10.411002505611322
2023020791,8476883,-5.440260324774897
2023020792,8475809,-3.986911462468221
2023020792,8478492,0.03270335127155022
2023020793,8475852,-5.006597894554247
2023020793,8479406,-4.373818357861509
2023020794,8476999,-9.416510933355752
2023020794,8477967,-6.612214222458128
2023020795,8475311,7.542628056363576
2023020795,8475683,-5.692741390213598
2023020796,8474593,11.035001150548013
2023020796,8477970,-1.493128306894171
2023020797,8476316,-11.038697785521727
2023020797,8481035,1.8915438824699393
2023020798,8477992,-8.86834282818991
2023020798,8478009,-10.36443484137014
2023020799,8480382,-3.310164804749313
2023020799,8481611,-10.21177330782271
2023020800,8478499,-5.232990599129437
2023020800,8478971,-22.523928879863732
2023020801,8470594,5.545433722149845
2023020801,8477968,-0.7512883660437097
2023020802,8475852,4.067743331158958
2023020802,8478048,4.140759216477264
2023020803,8475717,-0.3348946325376332
2023020803,8476434,-9.722429527633096
2023020804,8480045,-2.7720085415070983
2023020804,8480981,5.275516894153121
2023020805,8479193,-1.087970652328039
2023020805,8479312,1.7265836316775491
2023020806,8478470,6.815309104184173
2023020806,8479979,-7.760061763461373
2023020807,8473575,-9.079885128843756
2023020807,8474593,7.767628297654774
2023020808,8479292,-8.412269145829946
2023020808,8480280,-0.8453399294347932
2023020809,8475683,7.075754690183572
2023020809,8480382,7.962182862885726
2023020810,8477970,4.350963886656359
2023020810,8481611,7.466451880514157
2023020811,8476883,6.875245653714579
2023020811,8478007,5.36435119360069
2023020812,8474889,-2.3048466287718696
2023020812,8476914,2.610553938224818
2023020813,8477361,-7.280035540948489
2023020813,8478916,7.5566796370449865
2023020814,8476945,6.268913832667771
2023020814,8477465,1.5792227930457798
2023020815,8477424,2.644486878214238
2023020815,8478971,4.106001910957438
2023020816,8479496,-1.468545919519272
2023020816,8479973,-4.484525982101069
2023020817,8474596,2.798597325125783
2023020817,8476412,3.893432223816909
2023020818,8475311,-0.1643731657244345
2023020818,8477967,3.8751167203839287
2023020819,8478916,6.52733577628365
2023020819,8482076,2.2992593857262946
2023020820,8474593,2.8703809966696383
2023020820,8478048,1.8036309585841863
2023020821,8478872,0.21584665595953112
2023020821,8481035,-3.969227966269777
2023020822,8478499,-3.89842589153335
2023020822,8479406,2.3070104620222693
2023020823,8476883,9.854626401640168
2023020823,8476999,-4.530745486062727
2023020824,8479496,-16.711890659178977
2023020824,8480045,6.362636837301949
2023020825,8480051,-12.304596368365289
2023020825,8480843,5.8877897515628135
2023020826,8476341,11.540146216655032
2023020826,8480193,-5.450421191051994
2023020827,8476412,-1.5955246498383033
2023020827,8478492,-11.134241116426722
2023020828,8479292,3.3585596439298797
2023020828,8480382,-2.7487671815042702
2023020829,8475831,-1.3985684380258476
2023020829,8478009,3.422885259848016
2023020830,8479979,4.650067477200118
2023020830,8481611,-6.247459861211212
2023020831,8477424,14.950879515198693
2023020831,8482076,3.650215969546352
2023020832,8475852,7.482696674480351
2023020832,8477967,-1.8239044270884293
2023020833,8478024,-22.72573276604605
2023020833,8479973,9.230316203334525
2023020834,8475683,-3.647281523772314
2023020834,8477465,-11.867832496825358
2023020835,8476945,-7.01365749730612
2023020835,8478039,10.054679565412968
2023020836,8470594,0.06597135274778054
2023020836,8478971,-0.20784601277334502
2023020837,8478916,9.464989671989194
2023020837,8480280,-3.171235990620005
2023020838,8476932,16.485446066368517
2023020838,8477480,-3.2735311361978745
2023020839,8479496,-1.790857821400543
2023020839,8482076,0.06589836729083487
2023020840,8471734,5.882024693590687
2023020840,8478470,-3.8664013938433754
2023020841,8476434,-15.69789668297426
2023020841,8476914,-10.215484585782875
2023020842,8476883,-0.19794017633646632
2023020842,8481020,6.004390998648432
2023020843,8478492,1.7039230809573382
2023020843,8481035,-3.9948146847540897
2023020844,8476412,6.248350551684325
2023020844,8479973,-0.6718127918088683
2023020845,8477968,2.1255434982372563
2023020845,8482821,-5.429112510149167
2023020846,8478406,2.206419614737321
2023020846,8481692,1.5482291079542776
2023020847,8477424,-13.19557190515227
2023020847,8479979,-6.977831144717271
2023020848,8477967,1.535543121567983
2023020848,8479312,-9.350561865254868
